voting_date,district,constituency_no,constituency_name,AITC+_Party,AITC+_Candidate,NDA_Party,NDA_Candidate,LF+_Party,LF+_Candidate,INC_Party,INC_Candidate
23 April 2026,Cooch Behar,1,Mekliganj,Trinamool Congress,Paresh Adhikary,Bharatiya Janata Party,Dadhiram Roy,All India Forward Bloc,Kamal Roy,Indian National Congress,Ila Rani Roy
23 April 2026,Cooch Behar,2,Mathabhanga,Trinamool Congress,Sablu Barman,Bharatiya Janata Party,Nisith Pramanik,Communist Party of India (Marxist),Khagen Barman,Indian National Congress,Khitendra Nath Barman
23 April 2026,Cooch Behar,3,Cooch Behar Uttar,Trinamool Congress,Partha Pratim Roy,Bharatiya Janata Party,Sukumar Roy,Communist Party of India (Marxist),Pranay Karji,Indian National Congress,Partha Pratim Ishore
23 April 2026,Cooch Behar,4,Cooch Behar Dakshin,Trinamool Congress,Avijit Dey Bhowmik,Bharatiya Janata Party,Rathindra Nath Bose,All India Forward Bloc,Nazmul Alam Sarkar,Indian National Congress,Khokan Mian
23 April 2026,Cooch Behar,5,Sitalkuchi,Trinamool Congress,Harihar Das,Bharatiya Janata Party,Savitri Barman,Communist Party of India (Marxist),Nabadipti Adhikari,Indian National Congress,Sukamal Barman
23 April 2026,Cooch Behar,6,Sitai,Trinamool Congress,Sangita Roy,Bharatiya Janata Party,Ashutosh Barma,All India Forward Bloc,Arun Kumar Barma,Indian National Congress,Rabin Roy
23 April 2026,Cooch Behar,7,Dinhata,Trinamool Congress,Udayan Guha,Bharatiya Janata Party,Ajay Roy,All India Forward Bloc,Bikash Mondal,Indian National Congress,Harihar Ray Singha
23 April 2026,Cooch Behar,8,Natabari,Trinamool Congress,Sailen Barman,Bharatiya Janata Party,Girija Shankar Roy,Communist Party of India (Marxist),Akik Hassan,Indian National Congress,Biswajit Sarkar
23 April 2026,Cooch Behar,9,Tufanganj,Trinamool Congress,Shib Shankar Paul,Bharatiya Janata Party,Malati Rava Roy,Communist Party of India (Marxist),Dhananjoy Rava,Indian National Congress,Debendra Nath Barma
23 April 2026,Alipurduar,10,Kumargram,Trinamool Congress,Rajeev Tirkey,Bharatiya Janata Party,Manoj Kumar Oraon,Revolutionary Socialist Party (India),Kishore Minz,Indian National Congress,Sudham Lama
23 April 2026,Alipurduar,11,Kalchini,Trinamool Congress,Birendra Bara,Bharatiya Janata Party,Bishal Lama,Revolutionary Socialist Party (India),Passang Sherpa,Indian National Congress,Anjan Chik Baraik
23 April 2026,Alipurduar,12,Alipurduars,Trinamool Congress,Suman Kanjilal,Bharatiya Janata Party,Paritosh Das,Communist Party of India (Marxist),Shyamal Roy,Indian National Congress,Mrinmoy Sarkar
23 April 2026,Alipurduar,13,Falakata,Trinamool Congress,Subhas Chandra Roy,Bharatiya Janata Party,Dipak Barman,Communist Party of India (Marxist),Kamal Kishore Roy,Indian National Congress,Akshoy Kumar Barman
23 April 2026,Alipurduar,14,Madarihat,Trinamool Congress,Jay Prakash Toppo,Bharatiya Janata Party,Lakshman Limbu,Revolutionary Socialist Party (India),Subhas Lohar,Indian National Congress,Joy Prafulla Lakra
23 April 2026,Jalpaiguri,15,Dhupguri,Trinamool Congress,Nirmal Chandra Roy,Bharatiya Janata Party,Naresh Chandra Roy,Communist Party of India (Marxist),Niranjan Roy,Indian National Congress,Harish Chandra Roy
23 April 2026,Jalpaiguri,16,Maynaguri,Trinamool Congress,Rammohan Roy,Bharatiya Janata Party,Dalim Roy,Revolutionary Socialist Party (India),Sudeb Roy,Indian National Congress,Jogen Sarkar
23 April 2026,Jalpaiguri,17,Jalpaiguri,Trinamool Congress,Krishna Das,Bharatiya Janata Party,Ananta Deb Adhikary,Communist Party of India (Marxist),Debraj Barman,Indian National Congress,Sudipto Mohonto
23 April 2026,Jalpaiguri,18,Rajganj,Trinamool Congress,Swapna Barman,Bharatiya Janata Party,Dinesh Sarkar,Communist Party of India (Marxist),Kharendranath Roy,Indian National Congress,Tushar Kanti Roy
23 April 2026,Jalpaiguri,19,Dabgram-Phulbari,Trinamool Congress,Ranjan Shil Sharma,Bharatiya Janata Party,Shikha Chatterjee,Communist Party of India (Marxist),Dilip Singh,Indian National Congress,Rohit Singh Sisodia
23 April 2026,Jalpaiguri,20,Mal,Trinamool Congress,Bulu Chik Baraik,Bharatiya Janata Party,Sukra Munda,Communist Party of India (Marxist),Manu Oraon,Indian National Congress,Rakesh Kujur
23 April 2026,Jalpaiguri,21,Nagrakata,Trinamool Congress,Sanjay Kujur,Bharatiya Janata Party,Puna Bhengra,Communist Party of India (Marxist),Dilkumar Oraon,Indian National Congress,Shinu Munda
23 April 2026,Kalimpong,22,Kalimpong,Bharatiya Gorkha Prajatantrik Morcha,Ruden Sada Lepcha,Bharatiya Janata Party,Bharat Chhetri,Communist Party of India (Marxist),Rita Thapa,Indian National Congress,Santa Kumar Pradhan
23 April 2026,Darjeeling,23,Darjeeling,Bharatiya Gorkha Prajatantrik Morcha,Bijoy Kumar Rai,Bharatiya Janata Party,Noman Rai,,,,
23 April 2026,Darjeeling,24,Kurseong,Bharatiya Gorkha Prajatantrik Morcha,Amar Lama,Bharatiya Janata Party,Sonam Lama,Communist Party of India (Marxist),Uttam Sharma,Indian National Congress,Saroj Kumar Khatri
23 April 2026,Darjeeling,25,Matigara-Naxalbari,Trinamool Congress,Shankar Malakar,Bharatiya Janata Party,Anandamoy Barman,Communist Party of India (Marxist),Jharen Roy,Indian National Congress,Amitava Sarkar
23 April 2026,Darjeeling,26,Siliguri,Trinamool Congress,Goutam Deb,Bharatiya Janata Party,Shankar Ghosh,Communist Party of India (Marxist),Sharadindu Chakraborty,Indian National Congress,Aloke Dhara
23 April 2026,Darjeeling,27,Phansidewa,Trinamool Congress,Reena Toppo Ekka,Bharatiya Janata Party,Durga Murmu,Communist Party of India (Marxist-Leninist) Liberation,Sumanti Ekka,Indian National Congress,Nabanita Tirkey
23 April 2026,Uttar Dinajpur,28,Chopra,Trinamool Congress,Hamidul Rahaman,Bharatiya Janata Party,Shankar Adhikari,Communist Party of India (Marxist),Makleswar Rahaman,Indian National Congress,Zakir Abedin
23 April 2026,Uttar Dinajpur,29,Islampur,Trinamool Congress,Kanaia Lal Agarwal,Bharatiya Janata Party,Chitrajit Roy,Communist Party of India (Marxist),Sami Khan,Indian National Congress,Guddi Riaz
23 April 2026,Uttar Dinajpur,30,Goalpokhar,Trinamool Congress,Md. Ghulam Rabbani,Bharatiya Janata Party,Sarjit Biswas,All India Forward Bloc,Juber Alam,Indian National Congress,Masood Md Naseem Ahsen
23 April 2026,Uttar Dinajpur,31,Chakulia,Trinamool Congress,Minhajul Arfin Azad,Bharatiya Janata Party,Manoj Jain,All India Forward Bloc,Amjad Ali,Indian National Congress,Ali Imran Ramz
23 April 2026,Uttar Dinajpur,32,Karandighi,Trinamool Congress,Goutam Paul,Bharatiya Janata Party,Biraj Biswas,Communist Party of India (Marxist),Md. Sahabuddin,Indian National Congress,Murshid Alam
23 April 2026,Uttar Dinajpur,33,Hemtabad,Trinamool Congress,Satyajit Barman,Bharatiya Janata Party,Haripada Barman,Communist Party of India (Marxist),Tanushree Das,Indian National Congress,Anamika Roy
23 April 2026,Uttar Dinajpur,34,Kaliaganj,Trinamool Congress,Nitai Baishya,Bharatiya Janata Party,Utpal Maharaj,Communist Party of India (Marxist),Hirubala Roy,Indian National Congress,Girdhari Pramanik
23 April 2026,Uttar Dinajpur,35,Raiganj,Trinamool Congress,Krishna Kalyani,Bharatiya Janata Party,Kaushik Chowdhury,Communist Party of India (Marxist),Jibananda Singha,Indian National Congress,Mohit Sengupta
23 April 2026,Uttar Dinajpur,36,Itahar,Trinamool Congress,Mosaraf Hussen,Bharatiya Janata Party,Sabita Barman,Communist Party of India,Utpal Das,Indian National Congress,Amal Acharjee
23 April 2026,Dakshin Dinajpur,37,Kushmandi,Trinamool Congress,Rekha Roy,Bharatiya Janata Party,Tapas Chandra Roy,Revolutionary Socialist Party (India),Jyotirmoy Roy,Indian National Congress,Bablu Sarkar
23 April 2026,Dakshin Dinajpur,38,Kumarganj,Trinamool Congress,Toraf Hossain Mandal,Bharatiya Janata Party,Suvendu Sarkar,Communist Party of India (Marxist),Mofazzal Hossain,Indian National Congress,Gulam Martuja Mandal
23 April 2026,Dakshin Dinajpur,39,Balurghat,Trinamool Congress,Arpita Ghosh,Bharatiya Janata Party,Bidyut Roy,Revolutionary Socialist Party (India),Arnab Choudhury,Indian National Congress,Pradip Kumar Mitra
23 April 2026,Dakshin Dinajpur,40,Tapan,Trinamool Congress,Chintamoni Biha,Bharatiya Janata Party,Budhrai Tudu,Revolutionary Socialist Party (India),Bappai Haro,Indian National Congress,Bankim Chandra Toppo
23 April 2026,Dakshin Dinajpur,41,Gangarampur,Trinamool Congress,Goutam Das,Bharatiya Janata Party,Satyendra Nath Ray,Communist Party of India (Marxist),Biplab Barman,Indian National Congress,Jui Barman
23 April 2026,Dakshin Dinajpur,42,Harirampur,Trinamool Congress,Biplab Mitra,Bharatiya Janata Party,Debabrata Majumder,Communist Party of India (Marxist),Gautam Goswami,Indian National Congress,Subhasish Pal
23 April 2026,Malda,43,Habibpur,Trinamool Congress,Amal Kisku,Bharatiya Janata Party,Joyel Murmu,Communist Party of India (Marxist),Basudeb Barman,Indian National Congress,Rajen Soren
23 April 2026,Malda,44,Gazole,Trinamool Congress,Prasenjit Das,Bharatiya Janata Party,Chinmoy Deb Barman,Communist Party of India (Marxist),Khitish Sarkar,Indian National Congress,Prem Chowdhury
23 April 2026,Malda,45,Chanchal,Trinamool Congress,Prasun Banerjee,Bharatiya Janata Party,Ratan Das,Communist Party of India (Marxist),Anawarul Haque,Indian National Congress,Asif Mehbub
23 April 2026,Malda,46,Harishchandrapur,Trinamool Congress,Md. Matibur Rahaman,Bharatiya Janata Party,Ratan Das,Communist Party of India (Marxist),Sheikh Khalil,Indian National Congress,Mostaque Alam
23 April 2026,Malda,47,Malatipur,Trinamool Congress,Abdur Rahim Boxi,Bharatiya Janata Party,Ashish Das,Communist Party of India (Marxist),Minarul Hossain,Indian National Congress,Mausam Noor
23 April 2026,Malda,48,Ratua,Trinamool Congress,Samar Mukherjee,Bharatiya Janata Party,Abhishek Singhania,Communist Party of India (Marxist),Jahur Alam,Indian National Congress,Mottakin Alam
23 April 2026,Malda,49,Manikchak,Trinamool Congress,Kabita Mandal,Bharatiya Janata Party,Gour Chandra Mondal,Communist Party of India (Marxist),Debojyoti Sinha,Indian National Congress,Md. Ansarul Hoque
23 April 2026,Malda,50,Maldaha,Trinamool Congress,Lipika Barman Ghosh,Bharatiya Janata Party,Gopal Chandra Saha,Communist Party of India,Dipak Barman,Indian National Congress,Bhupendra Nath Halder
23 April 2026,Malda,51,English Bazar,Trinamool Congress,Ashish Kundu,Bharatiya Janata Party,Amlan Bhaduri,Communist Party of India (Marxist),Ambar Mitra,Indian National Congress,Masud Alam
23 April 2026,Malda,52,Mothabari,Trinamool Congress,Md. Najrul Islam,Bharatiya Janata Party,Nibaran Ghosh,Indian Secular Front,Moulana Shajahan Ali,Indian National Congress,Sayem Chowdhury
23 April 2026,Malda,53,Sujapur,Trinamool Congress,Sabina Yeasmin,Bharatiya Janata Party,Abhiraj Chowdhury,Indian Secular Front,Md. Karimullah Haque,Indian National Congress,Md. Abdul Hannan
23 April 2026,Malda,54,Baisnabnagar,Trinamool Congress,Chandana Sarkar,Bharatiya Janata Party,Raju Karmakar,Revolutionary Socialist Party (India),Dundubhi Saha,Indian National Congress,Mamuni Mandal
23 April 2026,Murshidabad,55,Farakka,Trinamool Congress,Amirul Islam,Bharatiya Janata Party,Sunil Chowdhury,Communist Party of India (Marxist),Mojaffar Hossain,Indian National Congress,Md. Mahtab Sheikh
23 April 2026,Murshidabad,56,Samserganj,Trinamool Congress,Nur Alam,Bharatiya Janata Party,Shashthi Charan Ghosh,Indian Secular Front,Mohammad Odud Hassan,Indian National Congress,Nazme Alam
23 April 2026,Murshidabad,57,Suti,Trinamool Congress,Emani Biswas,Bharatiya Janata Party,Mahabir Ghosh,Revolutionary Socialist Party (India),A.K.M. Hasanuzzaman,Indian National Congress,Alfazuddin Biswas
23 April 2026,Murshidabad,58,Jangipur,Trinamool Congress,Jakir Hossain,Bharatiya Janata Party,Chitto Mukherjee,Communist Party of India (Marxist),Alok Kumar Das,Indian National Congress,Mohammad Imran Ali
23 April 2026,Murshidabad,59,Raghunathganj,Trinamool Congress,Akhruzzaman,Bharatiya Janata Party,Surajit Poddar,Communist Party of India (Marxist),Abul Hasnat,Indian National Congress,Nasir Sheikh
23 April 2026,Murshidabad,60,Sagardighi,Trinamool Congress,Bayron Biswas,Bharatiya Janata Party,Tapas Chakraborty,Social Democratic Party of India,Masiur Rahaman,Indian National Congress,Manoj Chakraborty
23 April 2026,Murshidabad,61,Lalgola,Trinamool Congress,Abdul Aziz,Bharatiya Janata Party,Amar Kumar Das,Communist Party of India (Marxist),Babluzzaman,Indian National Congress,Md. Touhidur Rahaman
23 April 2026,Murshidabad,62,Bhagabangola,Trinamool Congress,Reyat Hossain Sarkar,Bharatiya Janata Party,Bhaskar Sarkar,Communist Party of India (Marxist),Mahmudal Hassan,Indian National Congress,Anju Begum
23 April 2026,Murshidabad,63,Raninagar,Trinamool Congress,Abdul Soumik Hossain,Bharatiya Janata Party,Rana Pratap Singha Roy,Communist Party of India (Marxist),Jamal Hossain,Indian National Congress,Zulfikur Ali
23 April 2026,Murshidabad,64,Murshidabad,Trinamool Congress,Shaoni Singha Roy,Bharatiya Janata Party,Gouri Shankar Ghosh,All India Forward Bloc,Abdul Mannan,Indian National Congress,Siddiqui Ali
23 April 2026,Murshidabad,65,Nabagram,Trinamool Congress,Pranab Chandra Das,Bharatiya Janata Party,Dilip Saha,Communist Party of India (Marxist),Purnima Das,Indian National Congress,Hiru Haldar
23 April 2026,Murshidabad,66,Khargram,Trinamool Congress,Ashish Marjit,Bharatiya Janata Party,Mitali Mal,Communist Party of India (Marxist),Dhrubajyoti Saha,Indian National Congress,Mandar Kanti Mandal
23 April 2026,Murshidabad,67,Burwan,Trinamool Congress,Pratima Rajak,Bharatiya Janata Party,Sukhen Kumar Bagdi,Revolutionary Socialist Party (India),Ananda Das,Indian National Congress,Sujit Das
23 April 2026,Murshidabad,68,Kandi,Trinamool Congress,Apurba Sarkar,Bharatiya Janata Party,Gargi Das Ghosh,Communist Party of India,Rejaul Karim,Indian National Congress,Shamim Rana
23 April 2026,Murshidabad,69,Bharatpur,Trinamool Congress,Mustafizur Rahaman (Sumon),Bharatiya Janata Party,Anamika Ghosh,Revolutionary Socialist Party (India),Naofel Md Shafiullah (Albert),Indian National Congress,Md. Azharudddin
23 April 2026,Murshidabad,70,Rejinagar,Trinamool Congress,Ataur Rahman,Bharatiya Janata Party,Bapan Ghosh,West Bengal Socialist Party,Tushar Kanti Chatterjee,Indian National Congress,Jillu Sheikh
23 April 2026,Murshidabad,71,Beldanga,Trinamool Congress,Rabiul Alam Chowdhury,Bharatiya Janata Party,Bharat Kumar Jhawar,Revolutionary Socialist Party (India),Rajesh Ghosh,Indian National Congress,Md. Saharuddin Sheikh
23 April 2026,Murshidabad,72,Baharampur,Trinamool Congress,Naru Gopal Mukherjee,Bharatiya Janata Party,Subrata Maitra,,,,
23 April 2026,Murshidabad,73,Hariharpara,Trinamool Congress,Niamot Sheikh,Bharatiya Janata Party,Tanmoy Biswas,Communist Party of India (Marxist),Zamiruddin Molla,Indian National Congress,Mousumi Begum
23 April 2026,Murshidabad,74,Naoda,Trinamool Congress,Sahina Mumtaz Begum,Bharatiya Janata Party,Rana Mondal,Revolutionary Socialist Party (India),Habibur Rahaman Mondal,Indian National Congress,Moshiur Rahman
23 April 2026,Murshidabad,75,Domkal,Trinamool Congress,Humayun Kabir,Bharatiya Janata Party,Nanda Dulal Pal,Communist Party of India (Marxist),Mostafizur Rahaman,Indian National Congress,Shehnaz Begum
23 April 2026,Murshidabad,76,Jalangi,Trinamool Congress,Babar Ali,Bharatiya Janata Party,Naba Kumar Sarkar,Communist Party of India (Marxist),Yunus Ali Sarkar,Indian National Congress,Abdul Rezzak Molla
29 April 2026,Nadia,77,Karimpur,Trinamool Congress,Soham Chakraborty,Bharatiya Janata Party,Samarendranath Ghosh,Communist Party of India (Marxist),Pravas Majumder,Indian National Congress,Pooja Roy Chowdhury
29 April 2026,Nadia,78,Tehatta,Trinamool Congress,Dilip Poddar,Bharatiya Janata Party,Subrata Kabiraj,Communist Party of India (Marxist),Subodh Biswas,Indian National Congress,Jyotirmoy Sarkar
29 April 2026,Nadia,79,Palashipara,Trinamool Congress,Rukbanur Rahman,Bharatiya Janata Party,Anima Dutta,Indian Secular Front,Samshur Ali Mallick,Indian National Congress,Hamidul Haque
29 April 2026,Nadia,80,Kaliganj,Trinamool Congress,Alifa Ahmed,Bharatiya Janata Party,Bapan Ghosh,Communist Party of India (Marxist),Sabina Yasmin,Indian National Congress,Kabil Uddin Shaikh
29 April 2026,Nadia,81,Nakashipara,Trinamool Congress,Kallol Khan,Bharatiya Janata Party,Shantanu Dey,Communist Party of India (Marxist),Sukla Saha,Indian National Congress,Golam Kibria Mandal
29 April 2026,Nadia,82,Chapra,Trinamool Congress,Jeber Sekh,Bharatiya Janata Party,Saikat Sarkar,Indian Secular Front,Jakir Mondal,Indian National Congress,Rahidul Mandal
29 April 2026,Nadia,83,Krishnanagar Uttar,Trinamool Congress,Avinabha Bhattacharya,Bharatiya Janata Party,Taraknath Chatterjee,Communist Party of India (Marxist),Adwaita Biswas,Indian National Congress,Arghya Gon
29 April 2026,Nadia,84,Nabadwip,Trinamool Congress,Pundarikakshya Saha,Bharatiya Janata Party,Shruti Shekhar Goswami,Communist Party of India (Marxist),Swarnendu Sinha,Indian National Congress,Samir Saha
29 April 2026,Nadia,85,Krishnanagar Dakshin,Trinamool Congress,Ujjal Biswas,Bharatiya Janata Party,Sadhan Ghosh,Communist Party of India (Marxist-Leninist) Liberation,Laboni Jangi,Indian National Congress,Abdur Rahim Shaikh
29 April 2026,Nadia,86,Santipur,Trinamool Congress,Braja Kishore Goswami,Bharatiya Janata Party,Swapan Das,Communist Party of India (Marxist),Soumen Mahato,Indian National Congress,Alok Chatterjee
29 April 2026,Nadia,87,Ranaghat Uttar Paschim,Trinamool Congress,Tapas Ghosh,Bharatiya Janata Party,Parthasarathi Chatterjee,Communist Party of India (Marxist),Debashis Chakraborty,Indian National Congress,Naba Kumar Mondal
29 April 2026,Nadia,88,Krishnaganj,Trinamool Congress,Samir Kumar Poddar,Bharatiya Janata Party,Sukanta Biswas,Communist Party of India (Marxist),Archana Biswas,Indian National Congress,Sankar Kumar Sarkar
29 April 2026,Nadia,89,Ranaghat Uttar Purba,Trinamool Congress,Barnali Dey Roy,Bharatiya Janata Party,Ashim Biswas,Communist Party of India (Marxist),Mrinal Biswas,Indian National Congress,Nitya Gopal Mondal
29 April 2026,Nadia,90,Ranaghat Dakshin,Trinamool Congress,Sougata Kumar Burman,Bharatiya Janata Party,Ashim Kumar Biswas,Communist Party of India (Marxist),Arindram Biswas,Indian National Congress,Rita Pal Das
29 April 2026,Nadia,91,Chakdaha,Trinamool Congress,Subhankar Singha,Bharatiya Janata Party,Bankim Chandra Ghosh,Communist Party of India (Marxist),Narayan Dasgupta,Indian National Congress,Malay Saha
29 April 2026,Nadia,92,Kalyani,Trinamool Congress,Atindra Nath Mondal,Bharatiya Janata Party,Anupam Biswas,Communist Party of India (Marxist),Sabuj Das,Indian National Congress,Asimananda Majumder
29 April 2026,Nadia,93,Haringhata,Trinamool Congress,Rajib Biswas,Bharatiya Janata Party,Ashim Kumar Sarkar,Communist Party of India (Marxist),Swapan Sarkar,Indian National Congress,Himanti Das
29 April 2026,North 24 Parganas,94,Bagda,Trinamool Congress,Madhuparna Thakur,Bharatiya Janata Party,Soma Thakur,All India Forward Bloc,Gour Biswas,Indian National Congress,Prabir Kirtania
29 April 2026,North 24 Parganas,95,Bangaon Uttar,Trinamool Congress,Biswajit Das,Bharatiya Janata Party,Ashok Kirtania,Communist Party of India (Marxist),Pijush Saha,Indian National Congress,Nilanjan Saha
29 April 2026,North 24 Parganas,96,Bangaon Dakshin,Trinamool Congress,Rituparna Addhya,Bharatiya Janata Party,Swapan Majumder,Communist Party of India (Marxist),Asish Sarkar,Indian National Congress,Kishor Biswas
29 April 2026,North 24 Parganas,97,Gaighata,Trinamool Congress,Narottam Biswas,Bharatiya Janata Party,Subrata Thakur,Communist Party of India,Sajal Biswas,Indian National Congress,Anil Kumar Pandey
29 April 2026,North 24 Parganas,98,Swarupnagar,Trinamool Congress,Bina Mondal,Bharatiya Janata Party,Tarak Saha,Communist Party of India (Marxist),Biswajit Mondal,Indian National Congress,Ritesh Mondal
29 April 2026,North 24 Parganas,99,Baduria,Trinamool Congress,Burhanul Mokaddin,Bharatiya Janata Party,Sukriti Sarkar,Indian Secular Front,Md. Qutubuddin Fatehi,Indian National Congress,Abdur Rahim Quazi
29 April 2026,North 24 Parganas,100,Habra,Trinamool Congress,Jyotipriya Mallick,Bharatiya Janata Party,Debdas Mondal,Communist Party of India (Marxist),Rijinandan Biswas,Indian National Congress,
29 April 2026,North 24 Parganas,101,Ashoknagar,Trinamool Congress,Narayan Goswami,Bharatiya Janata Party,Somoy Hira,Indian Secular Front,Tapas Banerjee,Indian National Congress,Angshuman Roy
29 April 2026,North 24 Parganas,102,Amdanga,Trinamool Congress,Pirzada Kasem Siddiqui,Bharatiya Janata Party,Arindam Dey,Indian Secular Front,Biswajit Maity,Indian National Congress,Gopal Ghosh
29 April 2026,North 24 Parganas,103,Bijpur,Trinamool Congress,Subodh Adhikary,Bharatiya Janata Party,Sudipta Das,Communist Party of India (Marxist),Debasish Rakshit,Indian National Congress,Sibabrata Guha Roy
29 April 2026,North 24 Parganas,104,Naihati,Trinamool Congress,Sanat Dey,Bharatiya Janata Party,Sumitro Chatterjee,Communist Party of India (Marxist-Leninist) Liberation,Debojyoti Majumder,Indian National Congress,Pradip Kumar Kundu
29 April 2026,North 24 Parganas,105,Bhatpara,Trinamool Congress,Amit Gupta,Bharatiya Janata Party,Pawan Singh,Communist Party of India (Marxist),Aasnarayan Singh,Indian National Congress,Dharmendra Shaw
29 April 2026,North 24 Parganas,106,Jagatdal,Trinamool Congress,Somenath Shyam Ichini,Bharatiya Janata Party,Rajesh Kumar,All India Forward Bloc,Parvej Ahmad Khan,Indian National Congress,Mandira Chakraborty
29 April 2026,North 24 Parganas,107,Noapara,Trinamool Congress,Trinankur Bhattacharya,Bharatiya Janata Party,Arjun Singh,Communist Party of India (Marxist),Gargi Chatterjee,Indian National Congress,Ashok Bhattacharya
29 April 2026,North 24 Parganas,108,Barrackpur,Trinamool Congress,Raj Chakraborty,Bharatiya Janata Party,Koustav Bagchi,Communist Party of India (Marxist),Suman Bandyopadhyay,Indian National Congress,Sambhu Das
29 April 2026,North 24 Parganas,109,Khardaha,Trinamool Congress,Devdeep Purohit,Bharatiya Janata Party,Kalyan Chakraborty,Communist Party of India (Marxist),Debojyoti Das,Indian National Congress,Joydev Ghosh
29 April 2026,North 24 Parganas,110,Dum Dum Uttar,Trinamool Congress,Chandrima Bhattacharya,Bharatiya Janata Party,Sourav Sikdar,Communist Party of India (Marxist),Dipsita Dhar,Indian National Congress,Dhananjoy Moitra
29 April 2026,North 24 Parganas,111,Panihati,Trinamool Congress,Tirthankar Ghosh,Bharatiya Janata Party,Ratna Debnath,Communist Party of India (Marxist),Kalatan Dasgupta,Indian National Congress,Subhashis Bhattacharya
29 April 2026,North 24 Parganas,112,Kamarhati,Trinamool Congress,Madan Mitra,Bharatiya Janata Party,Arup Choudhury,Communist Party of India (Marxist),Manash Mukherjee,Indian National Congress,Kallol Mukherjee
29 April 2026,North 24 Parganas,113,Baranagar,Trinamool Congress,Sayantika Banerjee,Bharatiya Janata Party,Sajal Ghosh,Communist Party of India (Marxist),Sayandip Mitra,Indian National Congress,Kalyani Chakraborty
29 April 2026,North 24 Parganas,114,Dum Dum,Trinamool Congress,Bratya Basu,Bharatiya Janata Party,Arijit Bakshi,Communist Party of India (Marxist),Mayukh Biswas,Indian National Congress,Susmita Biswas
29 April 2026,North 24 Parganas,115,Rajarhat New Town,Trinamool Congress,Tapash Chatterjee,Bharatiya Janata Party,Piyush Kanodia,Communist Party of India (Marxist),Saptarshi Deb,Indian National Congress,Sheikh Nijamuddin
29 April 2026,North 24 Parganas,116,Bidhannagar,Trinamool Congress,Sujit Bose,Bharatiya Janata Party,Sharadwat Mukhopadhyay,Communist Party of India (Marxist),Soumyajit Raha,Indian National Congress,Ranajit Mukherjee
29 April 2026,North 24 Parganas,117,Rajarhat Gopalpur,Trinamool Congress,Aditi Munshi,Bharatiya Janata Party,Tarunjyoti Tiwari,Communist Party of India (Marxist),Subhajit Dasgupta,Indian National Congress,Partha Bhaumik
29 April 2026,North 24 Parganas,118,Madhyamgram,Trinamool Congress,Rathin Ghosh,Bharatiya Janata Party,Anindya Raju Banerjee,Indian Secular Front,Priyanka Barman,Indian National Congress,Ananta Roy
29 April 2026,North 24 Parganas,119,Barasat,Trinamool Congress,Sabyasachi Dutta,Bharatiya Janata Party,Shankar Chatterjee,All India Forward Bloc,Hemanta Das,Indian National Congress,Tarak Mukherjee
29 April 2026,North 24 Parganas,120,Deganga,Trinamool Congress,Anisur Rahaman Bidesh,Bharatiya Janata Party,Tarun Kanti Ghosh,Indian Secular Front,Md. Mafidul Haque Sahaji,Indian National Congress,Miaraj Baidya
29 April 2026,North 24 Parganas,121,Haroa,Trinamool Congress,Md. Mufti Abdul Matin,Bharatiya Janata Party,Bhaskar Mondal,Indian Secular Front,Piyarul Islam,Indian National Congress,Md. Rabiul Molla
29 April 2026,North 24 Parganas,122,Minakhan,Trinamool Congress,Usha Rani Mondal,Bharatiya Janata Party,Rudrendra Patra,Indian Secular Front,Pratik Mondal,Indian National Congress,Barnali Naskar
29 April 2026,North 24 Parganas,123,Sandeshkhali,Trinamool Congress,Jharna Sardar,Bharatiya Janata Party,Sanat Sardar,Communist Party of India (Marxist),Rabindra Nath Mahato,Indian National Congress,Judhisthir Bhumiji
29 April 2026,North 24 Parganas,124,Basirhat Dakshin,Trinamool Congress,Surajit Mitra,Bharatiya Janata Party,Suraj Banerjee,Communist Party of India (Marxist),Ainul Arefin,Indian National Congress,Abu Ishak Gazi
29 April 2026,North 24 Parganas,125,Basirhat Uttar,Trinamool Congress,Md. Tauseef Rehman,Bharatiya Janata Party,Kaushik Siddharth,Indian Secular Front,Md. Mucha Karimullah,Indian National Congress,Musa Haque Mondal
29 April 2026,North 24 Parganas,126,Hingalganj,Trinamool Congress,Ananda Sarkar,Bharatiya Janata Party,Rekha Patra,Communist Party of India,Nirmal Kumar Biswas,Indian National Congress,Biswajit Roy
29 April 2026,South 24 Parganas,127,Gosaba,Trinamool Congress,Subrata Mondal,Bharatiya Janata Party,Bikarno Naskar,Revolutionary Socialist Party (India),Aditya Jotdar,Indian National Congress,Bhupal Chandra Das
29 April 2026,South 24 Parganas,128,Basanti,Trinamool Congress,Nilima Bishal Mistry,Bharatiya Janata Party,Bikash Sardar,Indian Secular Front,Asit Roy,Indian National Congress,Gopinath Naiya
29 April 2026,South 24 Parganas,129,Kultali,Trinamool Congress,Ganesh Chandra Mondal,Bharatiya Janata Party,Madhabi Mahalder,Communist Party of India (Marxist),Ram Sankar Halder,Indian National Congress,Rupa Halder
29 April 2026,South 24 Parganas,130,Patharpratima,Trinamool Congress,Samir Kumar Jana,Bharatiya Janata Party,Asit Kumar Halder,Communist Party of India (Marxist),Satya Ranjan Das,Indian National Congress,Subhrangshu Nayek
29 April 2026,South 24 Parganas,131,Kakdwip,Trinamool Congress,Manturam Pakhira,Bharatiya Janata Party,Dipankar Jana,Communist Party of India (Marxist),Narayan Das,Indian National Congress,Nasiruddin Ahamed
29 April 2026,South 24 Parganas,132,Sagar,Trinamool Congress,Bankim Chandra Hazra,Bharatiya Janata Party,Sumanta Mondal,Communist Party of India (Marxist),Swapan Singha,Indian National Congress,Prasanta Khutia
29 April 2026,South 24 Parganas,133,Kulpi,Trinamool Congress,Barnali Dhara,Bharatiya Janata Party,Abni Naskar,Indian Secular Front,Abdul Malek Mollah,Indian National Congress,Kutub Uddin Molla
29 April 2026,South 24 Parganas,134,Raidighi,Trinamool Congress,Tapas Mondal,Bharatiya Janata Party,Palash Rana,Communist Party of India (Marxist),Samya Ganguly,Indian National Congress,Ashish Kumar Mandal
29 April 2026,South 24 Parganas,135,Mandirbazar,Trinamool Congress,Joydeb Halder,Bharatiya Janata Party,Mallika Paik,Indian Secular Front,Ashok Kumar Gayen,Indian National Congress,Kaushik Baidya
29 April 2026,South 24 Parganas,136,Jaynagar,Trinamool Congress,Biswanath Das,Bharatiya Janata Party,Alok Halder,Communist Party of India (Marxist),Apurba Pramanik,Indian National Congress,Tapas Baidya
29 April 2026,South 24 Parganas,137,Baruipur Purba,Trinamool Congress,Bivas Sardar,Bharatiya Janata Party,Tumpa Sardar,Communist Party of India (Marxist),Swapan Naskar,Indian National Congress,Pratap Chandra Mondal
29 April 2026,South 24 Parganas,138,Canning Paschim,Trinamool Congress,Paresh Ram Das,Bharatiya Janata Party,Prashanta Bayen,Indian Secular Front,Prabir Mondal,Indian National Congress,Haran Chandra Mistry
29 April 2026,South 24 Parganas,139,Canning Purba,Trinamool Congress,Md. Baharul Islam,Bharatiya Janata Party,Ashim Sapui,Indian Secular Front,Arabul Islam,Indian National Congress,Sabir Ali Sardar
29 April 2026,South 24 Parganas,140,Baruipur Paschim,Trinamool Congress,Biman Banerjee,Bharatiya Janata Party,Biswajit Paul,Communist Party of India (Marxist),Lahek Ali,Indian National Congress,Asitlal Nag
29 April 2026,South 24 Parganas,141,Magrahat Purba,Trinamool Congress,Sharmistha Purkait,Bharatiya Janata Party,Uttam Kumar Banik,Communist Party of India (Marxist),Chandan Saha,Indian National Congress,Atanu Halder
29 April 2026,South 24 Parganas,142,Magrahat Paschim,Trinamool Congress,Shamim Ahmed,Bharatiya Janata Party,Gour Sundar Ghosh,Indian Secular Front,Abdul Ajij al Hasan,Indian National Congress,Abdul Majid Halder
29 April 2026,South 24 Parganas,143,Diamond Harbour,Trinamool Congress,Pannalal Halder,Bharatiya Janata Party,Dipak Kumar Halder,Communist Party of India (Marxist),Samarendra Nath Naiya,Indian National Congress,Goutam Bhattacharya
29 April 2026,South 24 Parganas,144,Falta,Trinamool Congress,Jahangir Khan,Bharatiya Janata Party,Debangshu Panda,Communist Party of India (Marxist),Sambhu Kurmi,Indian National Congress,Abdur Rajjak Molla
29 April 2026,South 24 Parganas,145,Satgachhia,Trinamool Congress,Somashree Betal,Bharatiya Janata Party,Agniswar Naskar,Communist Party of India (Marxist),Gautam Pal,Indian National Congress,Pravash Ghosh
29 April 2026,South 24 Parganas,146,Bishnupur (South 24 Parganas),Trinamool Congress,Dilip Mondal,Bharatiya Janata Party,Abhijit Sardar,Communist Party of India (Marxist),Shyamal Dal,Indian National Congress,Arghya Naskar
29 April 2026,South 24 Parganas,147,Sonarpur Dakshin,Trinamool Congress,Arundhuti Maitra,Bharatiya Janata Party,Roopa Ganguly,Communist Party of India,Paramita Dasgupta,Indian National Congress,Subrata Datta
29 April 2026,South 24 Parganas,148,Bhangar,Trinamool Congress,Saokat Molla,Bharatiya Janata Party,Jayanta Gayen,Indian Secular Front,Naushad Siddiqui,Indian National Congress,Mahabubul Islam
29 April 2026,South 24 Parganas,149,Kasba,Trinamool Congress,Javed Ahmed Khan,Bharatiya Janata Party,Sandeep Banerjee,Communist Party of India (Marxist),Dipu Das,Indian National Congress,Md. Hasim Zeshan Ahmad
29 April 2026,South 24 Parganas,150,Jadavpur,Trinamool Congress,Debabrata Majumdar,Bharatiya Janata Party,Sarbori Mukherjee,Communist Party of India (Marxist),Bikash Ranjan Bhattacharya,Indian National Congress,Shyamali Mandal
29 April 2026,South 24 Parganas,151,Sonarpur Uttar,Trinamool Congress,Firdousi Begum,Bharatiya Janata Party,Debashish Dhar,Communist Party of India (Marxist),Monalisa Sinha,Indian National Congress,Jagannath Kumir
29 April 2026,South 24 Parganas,152,Tollyganj,Trinamool Congress,Aroop Biswas,Bharatiya Janata Party,Papiya Adhikari,Communist Party of India (Marxist),Partha Pratim Biswas,Indian National Congress,Manas Sinha Roy
29 April 2026,South 24 Parganas,153,Behala Purba,Trinamool Congress,Subhasish Chakraborty,Bharatiya Janata Party,Shankar Sikdar,Communist Party of India (Marxist),Niloy Majumder,Indian National Congress,Abhijit Raha
29 April 2026,South 24 Parganas,154,Behala Paschim,Trinamool Congress,Ratna Chatterjee,Bharatiya Janata Party,Indranil Khan,Communist Party of India (Marxist),Nihar Bhakta,Indian National Congress,Saibal Roy
29 April 2026,South 24 Parganas,155,Maheshtala,Trinamool Congress,Subhasis Das,Bharatiya Janata Party,Tamanath Bhowmik,Communist Party of India (Marxist),Sayan Banerjee,Indian National Congress,Haji Abdul Hannan
29 April 2026,South 24 Parganas,156,Budge Budge,Trinamool Congress,Ashok Kumar Deb,Bharatiya Janata Party,Tarun Kumar Adak,Communist Party of India (Marxist-Leninist) Liberation,Kajol Dutta Ghosh,Indian National Congress,Mujibar Rahaman Kayal
29 April 2026,South 24 Parganas,157,Metiaburuz,Trinamool Congress,Abdul Khaleque Molla,Bharatiya Janata Party,Veer Bahadur Singh,Communist Party of India (Marxist),Monirul Islam,Indian National Congress,Md. Mukhtar
29 April 2026,Kolkata,158,Kolkata Port,Trinamool Congress,Firhad Hakim,Bharatiya Janata Party,Rakesh Singh,Communist Party of India (Marxist),Faiyaz Khan,Indian National Congress,Aquib Gulzar
29 April 2026,Kolkata,159,Bhabanipur,Trinamool Congress,Mamata Banerjee,Bharatiya Janata Party,Suvendu Adhikari,Communist Party of India (Marxist),Shrijeeb Biswas,Indian National Congress,Pradip Prasad
29 April 2026,Kolkata,160,Rashbehari,Trinamool Congress,Debasish Kumar,Bharatiya Janata Party,Swapan Dasgupta,Communist Party of India (Marxist-Leninist) Liberation,Manas Ghosh,Indian National Congress,Ashutosh Chatterjee
29 April 2026,Kolkata,161,Ballygunge,Trinamool Congress,Sovandeb Chattopadhyay,Bharatiya Janata Party,Shatarupa,Communist Party of India (Marxist),Afrin Begum,Indian National Congress,Rohan Mitra
29 April 2026,Kolkata,162,Chowranghee,Trinamool Congress,Nayna Bandopadhyay,Bharatiya Janata Party,Santosh Pathak,Communist Party of India (Marxist),Sanjoy Basu,Indian National Congress,Manash Sarkar
29 April 2026,Kolkata,163,Entally,Trinamool Congress,Sandipan Saha,Bharatiya Janata Party,Priyanka Tibrewal,Communist Party of India (Marxist),Abdur Rouf,Indian National Congress,Kashif Reza
29 April 2026,Kolkata,164,Beleghata,Trinamool Congress,Kunal Ghosh,Bharatiya Janata Party,Partha Choudhary,Communist Party of India (Marxist),Paramita Roy,Indian National Congress,Shahina Javed
29 April 2026,Kolkata,165,Jorasanko,Trinamool Congress,Vijay Upadhayay,Bharatiya Janata Party,Vijay Ojha,Communist Party of India (Marxist),Bharat Ram Tiwari,Indian National Congress,Deepak Singh
29 April 2026,Kolkata,166,Shyampukur,Trinamool Congress,Sashi Panja,Bharatiya Janata Party,Poornima Chakraborty,All India Forward Bloc,Jhuma Das,Indian National Congress,Purna Ghosh
29 April 2026,Kolkata,167,Maniktola,Trinamool Congress,Shreya Pandey,Bharatiya Janata Party,Tapas Roy,Communist Party of India,Mousumi Ghosh,Indian National Congress,Suman Roy Chowdhury
29 April 2026,Kolkata,168,Kashipur Belgachhia,Trinamool Congress,Atin Ghosh,Bharatiya Janata Party,Ritesh Tiwari,Communist Party of India (Marxist),Rajinder Gupta,Indian National Congress,Tarak Pal
29 April 2026,Howrah,169,Bally,Trinamool Congress,Kailash Mishra,Bharatiya Janata Party,Sanjay Singh,Communist Party of India (Marxist),Sankar Moitra,Indian National Congress,Priyanka Choudhury
29 April 2026,Howrah,170,Howrah Uttar,Trinamool Congress,Goutam Chowdhuri,Bharatiya Janata Party,Umesh Rai,Communist Party of India (Marxist),Gautam Roy,Indian National Congress,Om Prakash Jaiswal
29 April 2026,Howrah,171,Howrah Madhya,Trinamool Congress,Arup Roy,Bharatiya Janata Party,Biplab Mondal,Communist Party of India (Marxist),Imteaz Ahmed,Indian National Congress,Aparna Bose
29 April 2026,Howrah,172,Shibpur,Trinamool Congress,Rana Chatterjee,Bharatiya Janata Party,Rudranil Ghosh,All India Forward Bloc,Jagannath Bhattacharya,Indian National Congress,Shrabanti Singh
29 April 2026,Howrah,173,Howrah Dakshin,Trinamool Congress,Nandita Chowdhury,Bharatiya Janata Party,Shyamal Hati,Communist Party of India (Marxist),Abhijit Bandyopadhyay,Indian National Congress,Deepsikha Bhowmick
29 April 2026,Howrah,174,Sankrail,Trinamool Congress,Priya Paul,Bharatiya Janata Party,Barnali Dhali,Communist Party of India (Marxist),Samir Malick,Indian National Congress,Bechu Ram Malik
29 April 2026,Howrah,175,Panchla,Trinamool Congress,Gulsan Mullick,Bharatiya Janata Party,Ranjan Kumar Paul,All India Forward Bloc,Farid Molla,Indian National Congress,Rahul Pandey
29 April 2026,Howrah,176,Uluberia Purba,Trinamool Congress,Ritabrata Banerjee,Bharatiya Janata Party,Rudra Prasad Banerjee,Indian Secular Front,Ansar Ali Sheikh,Indian National Congress,Alam Deiyan Sheikh
29 April 2026,Howrah,177,Uluberia Uttar,Trinamool Congress,Bimal Kumar Das,Bharatiya Janata Party,Chiran Bera,Communist Party of India (Marxist),Ashok Dolui,Indian National Congress,Kalyani Haldar
29 April 2026,Howrah,178,Uluberia Dakshin,Trinamool Congress,Pulak Roy,Bharatiya Janata Party,Mangalanand Puri Maharaj,All India Forward Bloc,Amirul Islam Khan,Indian National Congress,Intaz Ali Shah
29 April 2026,Howrah,179,Shyampur,Trinamool Congress,Nadebasi Jana,Bharatiya Janata Party,Hiran Chatterjee,All India Forward Bloc,Asit Baran Sau,Indian National Congress,Sheikh Manjur Alam
29 April 2026,Howrah,180,Bagnan,Trinamool Congress,Arunava Sen,Bharatiya Janata Party,Premangshu Rana,Communist Party of India (Marxist),Bhaskar Roy,Indian National Congress,Sheikh Hafizur Rahaman
29 April 2026,Howrah,181,Amta,Trinamool Congress,Sukanta Kumar Paul,Bharatiya Janata Party,Amit Samanta,Communist Party of India (Marxist),Joshimuddin Mallick,Indian National Congress,Tapan Das
29 April 2026,Howrah,182,Udaynarayanpur,Trinamool Congress,Samir Kumar Panja,Bharatiya Janata Party,Prabhakar Pandit,Communist Party of India (Marxist),Shasthi Maji,Indian National Congress,Asit Bakuly
29 April 2026,Howrah,183,Jagatballavpur,Trinamool Congress,Subir Chatterjee,Bharatiya Janata Party,Anupam Ghosh,Indian Secular Front,Nazira Khatoon,Indian National Congress,Koushik Roy
29 April 2026,Howrah,184,Domjur,Trinamool Congress,Tapas Maity,Bharatiya Janata Party,Gobinda Hazra,Communist Party of India (Marxist),Dulu Das,Indian National Congress,Aloke Koley
29 April 2026,Hooghly,185,Uttarpara,Trinamool Congress,Sirsanya Banerjee,Bharatiya Janata Party,Dipanjan Chakraborty,Communist Party of India (Marxist),Minakshi Mukherjee,Indian National Congress,Subrata Mukherjee
29 April 2026,Hooghly,186,Sreerampur,Trinamool Congress,Tanmay Ghosh,Bharatiya Janata Party,Bhaskar Bhattacharya,Communist Party of India (Marxist),Nabanita Chakraborty,Indian National Congress,Subhankar Sarkar
29 April 2026,Hooghly,187,Champdani,Trinamool Congress,Arindam Guin,Bharatiya Janata Party,Dilip Singh,Communist Party of India (Marxist),Chandranath Banerjee,Indian National Congress,Pritam Ghosh
29 April 2026,Hooghly,188,Singur,Trinamool Congress,Becharam Manna,Bharatiya Janata Party,Arup Kumar Das,Communist Party of India (Marxist),Debasish Chatterjee,Indian National Congress,Barun Kumar Malik
29 April 2026,Hooghly,189,Chandannagar,Trinamool Congress,Indranil Sen,Bharatiya Janata Party,Dipanjan Guha,Communist Party of India (Marxist),Manish Panda,Indian National Congress,Ratan Kumar Goldar
29 April 2026,Hooghly,190,Chunchura,Trinamool Congress,Debangshu Bhattacharya,Bharatiya Janata Party,Subir Nag,All India Forward Bloc,Sunil Saha,Indian National Congress,Moinul Haque
29 April 2026,Hooghly,191,Balagarh,Trinamool Congress,Ranjan Dhara,Bharatiya Janata Party,Sumana Sarkar,Communist Party of India (Marxist),Bikash Goldar,Indian National Congress,Ashok Biswas
29 April 2026,Hooghly,192,Pandua,Trinamool Congress,Samir Chakraborty,Bharatiya Janata Party,Tushar Kumar Majumdar,Communist Party of India (Marxist),Amjad Hossain,Indian National Congress,Sanatan Mandi
29 April 2026,Hooghly,193,Saptagram,Trinamool Congress,Bidesh Ranjan Bose,Bharatiya Janata Party,Swaraj Ghosh,Communist Party of India (Marxist),Anirban Sarkar,Indian National Congress,Sougata Ghosh
29 April 2026,Hooghly,194,Chanditala,Trinamool Congress,Swati Khandoker,Bharatiya Janata Party,Debasish Mukherjee,Communist Party of India (Marxist),Sheikh Asif Ali,Indian National Congress,Sheikh Abu Abbasuddin
29 April 2026,Hooghly,195,Jangipara,Trinamool Congress,Snehasish Chakraborty,Bharatiya Janata Party,Prasenjit Bag,Communist Party of India (Marxist),Sudipto Sarkar,Indian National Congress,Subhashis Datta
29 April 2026,Hooghly,196,Haripal,Trinamool Congress,Karabi Manna,Bharatiya Janata Party,Madhumita Ghosh,Indian Secular Front,Sheikh Muzaffar Ali,Indian National Congress,Saif Azad
29 April 2026,Hooghly,197,Dhanekhali,Trinamool Congress,Ashima Patra,Bharatiya Janata Party,Barnali Das,Communist Party of India (Marxist-Leninist) Liberation,Ruma Aheri,Indian National Congress,Jyoti Kumari Das
29 April 2026,Hooghly,198,Tarakeswar,Trinamool Congress,Ramendu Sinharay,Bharatiya Janata Party,Santu Pan,Communist Party of India (Marxist),Abesh Khamrui,Indian National Congress,Bhabani Prasad Mondal
29 April 2026,Hooghly,199,Pursurah,Trinamool Congress,Partha Hazari,Bharatiya Janata Party,Biman Ghosh,Communist Party of India (Marxist),Sandip Kumar Samanta,Indian National Congress,Sheikh Habibur Rahaman
29 April 2026,Hooghly,200,Arambag,Trinamool Congress,Mita Bag,Bharatiya Janata Party,Hemanta Bag,Communist Party of India (Marxist),Bithika Pandit,Indian National Congress,Sushil Kumar Santra
29 April 2026,Hooghly,201,Goghat,Trinamool Congress,Nirmal Maji,Bharatiya Janata Party,Prashanta Digar,All India Forward Bloc,Muktaram Dhaure,Indian National Congress,Haradhan Santra
29 April 2026,Hooghly,202,Khanakul,Trinamool Congress,Palash Roy,Bharatiya Janata Party,Susanta Ghosh,Indian Secular Front,Sheikh Saddam Hossein,Indian National Congress,Pradip Kumar Kar
23 April 2026,Purba Medinipur,203,Tamluk,Trinamool Congress,Dipendra Narayan Roy,Bharatiya Janata Party,Hari Krishna Bera,Communist Party of India,Nabendu Ghara,Indian National Congress,Haradhan Mazumder
23 April 2026,Purba Medinipur,204,Panskura Purba,Trinamool Congress,Asim Kumar Maji,Bharatiya Janata Party,Subrata Maity,Communist Party of India (Marxist),Sheikh Ibrahim Ali,Indian National Congress,Dipak Patra
23 April 2026,Purba Medinipur,205,Panskura Paschim,Trinamool Congress,Siraj Khan,Bharatiya Janata Party,Sintu Senapati,Indian Secular Front,Afjal Ali Shah,Indian National Congress,Kalyan Roy
23 April 2026,Purba Medinipur,206,Moyna,Trinamool Congress,Chandan Mondal,Bharatiya Janata Party,Ashok Dinda,Communist Party of India,Swapan Barman,Indian National Congress,Nimai Barman
23 April 2026,Purba Medinipur,207,Nandakumar,Trinamool Congress,Sukumar Dey,Bharatiya Janata Party,Nirmal Khanra,Communist Party of India (Marxist),Chandan Maity,Indian National Congress,Sheikh Matin
23 April 2026,Purba Medinipur,208,Mahisadal,Trinamool Congress,Tilak Chakraborty,Bharatiya Janata Party,Subhash Panja,Communist Party of India (Marxist),Paritosh Patnayak,Indian National Congress,Kajal Nayek Das
23 April 2026,Purba Medinipur,209,Haldia,Trinamool Congress,Tapasi Mondal,Bharatiya Janata Party,Pradip Kumar Bijoli,Communist Party of India (Marxist),Ashok Patra,Indian National Congress,Abhimanyu Mandal
23 April 2026,Purba Medinipur,210,Nandigram,Trinamool Congress,Pabitra Kar,Bharatiya Janata Party,Suvendu Adhikari,Indian Secular Front,,Indian National Congress,Sheikh Jariatul Hossain
23 April 2026,Purba Medinipur,211,Chandipur,Trinamool Congress,Uttam Barik,Bharatiya Janata Party,Piyush Kanti Das,Communist Party of India (Marxist),Rita Das,Indian National Congress,Sheikh Taslim Ahmed
23 April 2026,Purba Medinipur,212,Patashpur,Trinamool Congress,Pijush Kanti Panda,Bharatiya Janata Party,Tapan Maity,Communist Party of India,Saikat Giri,Indian National Congress,Pranab Kumar Mahapatra
23 April 2026,Purba Medinipur,213,Kanthi Uttar,Trinamool Congress,Debasis Bhunia,Bharatiya Janata Party,Sumita Sinha,Communist Party of India (Marxist),Sutanu Maity,Indian National Congress,Subrata Mahapatra
23 April 2026,Purba Medinipur,214,Bhagabanpur,Trinamool Congress,Manab Kumar Porua,Bharatiya Janata Party,Shantanu Pramanik,Revolutionary Socialist Party (India),Pratibha Rani Kar Sasamal,Indian National Congress,Biswajit Panigrahi
23 April 2026,Purba Medinipur,215,Khejuri,Trinamool Congress,Rabin Chandra Mandal,Bharatiya Janata Party,Subrata Paik,Communist Party of India (Marxist),Himangshu Das,Indian National Congress,Asit Pramanik
23 April 2026,Purba Medinipur,216,Kanthi Dakshin,Trinamool Congress,Tarun Kumar Jana,Bharatiya Janata Party,Arup Kumar Das,Communist Party of India,Teheran Hossain,Indian National Congress,Sheikh Masud Malik
23 April 2026,Purba Medinipur,217,Ramnagar (Purba Medinipur),Trinamool Congress,Akhil Giri,Bharatiya Janata Party,Chandra Shekhar Mondal,Communist Party of India (Marxist),Ashoke Kumar Maity,Indian National Congress,Manas Kumar Dutta
23 April 2026,Purba Medinipur,218,Egra,Trinamool Congress,Tarun Maity,Bharatiya Janata Party,Dibyendu Adhikari,Communist Party of India (Marxist),Subrata Panda,Indian National Congress,Anjan Kumar Pattnayak
23 April 2026,Paschim Medinipur,219,Dantan,Trinamool Congress,Manik Maity,Bharatiya Janata Party,Ajit Kumar Jana,Communist Party of India,Shyamalkanti Das Pattanayek,Indian National Congress,Utpal Dutta
23 April 2026,Jhargram,220,Nayagram,Trinamool Congress,Dulal Murmu,Bharatiya Janata Party,Amiya Kisku,Communist Party of India (Marxist),Pulin Bihari Baske,Indian National Congress,Prasanta Murmu
23 April 2026,Jhargram,221,Gopiballavpur,Trinamool Congress,Ajit Mahata,Bharatiya Janata Party,Rajesh Mahato,Communist Party of India,Bikash Sarangi,Indian National Congress,Sourav Ghosh
23 April 2026,Jhargram,222,Jhargram,Trinamool Congress,Mangal Saren,Bharatiya Janata Party,Lakshmikant Sahu,Communist Party of India (Marxist),Arjun Mahato,Indian National Congress,Prasenjit Dey
23 April 2026,Paschim Medinipur,223,Keshiary,Trinamool Congress,Ramjiban Mandi,Bharatiya Janata Party,Bhadra Hembram,Communist Party of India (Marxist),Malina Murmu,Indian National Congress,Kaluchand Tudu
23 April 2026,Paschim Medinipur,224,Kharagpur Sadar,Trinamool Congress,Pradip Sarkar,Bharatiya Janata Party,Dilip Ghosh,Communist Party of India (Marxist),Madhusudan Roy,Indian National Congress,Papiya Chakraborty
23 April 2026,Paschim Medinipur,225,Narayangarh,Trinamool Congress,Pratibha Rani Maity,Bharatiya Janata Party,Rama Prasad Giri,Communist Party of India (Marxist),Tapas Sinha,Indian National Congress,Sheikh Alam Hossain
23 April 2026,Paschim Medinipur,226,Sabang,Trinamool Congress,Manas Bhunia,Bharatiya Janata Party,Amal Panda,Communist Party of India (Marxist),Nakul Chandra Bera,Indian National Congress,Aloke Kumar Samui
23 April 2026,Paschim Medinipur,227,Pingla,Trinamool Congress,Ajit Maity,Bharatiya Janata Party,Swagata Manna,Communist Party of India,Ashoke Sen,Indian National Congress,Sushanta Mandal
23 April 2026,Paschim Medinipur,228,Kharagpur,Trinamool Congress,Dinen Roy,Bharatiya Janata Party,Tapan Bhuiya,Communist Party of India (Marxist),Sheikh Shahjahan Ali,Indian National Congress,Ujjal Mukherjee
23 April 2026,Paschim Medinipur,229,Debra,Trinamool Congress,Rajib Banerjee,Bharatiya Janata Party,Subhashish Om,Communist Party of India (Marxist),Sumit Adhikary,Indian National Congress,Chittaranjan Jana
23 April 2026,Paschim Medinipur,230,Daspur,Trinamool Congress,Ashish Hudait,Bharatiya Janata Party,Tapan Dutta,Communist Party of India (Marxist),Ranjit Pal,Indian National Congress,Kousik Goswami
23 April 2026,Paschim Medinipur,231,Ghatal,Trinamool Congress,Shyamali Sardar,Bharatiya Janata Party,Shital Kapat,Communist Party of India (Marxist),Shantinath Satik,Indian National Congress,Kaberi Dolui
23 April 2026,Paschim Medinipur,232,Chandrakona,Trinamool Congress,Surjya Kanta Dolui,Bharatiya Janata Party,Sukanta Dolui,Communist Party of India (Marxist),Suparna Dolui,Indian National Congress,Manika Middya
23 April 2026,Paschim Medinipur,233,Garbeta,Trinamool Congress,Uttara Singha,Bharatiya Janata Party,Pradeep Lodha,Communist Party of India (Marxist),Tapan Ghosh,Indian National Congress,Siddhartha Bishoyee
23 April 2026,Paschim Medinipur,234,Salboni,Trinamool Congress,Srikanta Mahata,Bharatiya Janata Party,Biman Mahato,Indian Secular Front,Mohan Tudu,Indian National Congress,Arup Mukherjee
23 April 2026,Paschim Medinipur,235,Keshpur,Trinamool Congress,Seuli Saha,Bharatiya Janata Party,Suvendu Samanta,Communist Party of India (Marxist),Gurupada Mondal,Indian National Congress,Kamal Kishore Khanna
23 April 2026,Paschim Medinipur,236,Medinipur,Trinamool Congress,Sujoy Hazra,Bharatiya Janata Party,Shankar Guchhait,Communist Party of India,Monikuntal Khamrui,Indian National Congress,Sambhunath Chattopadhyay
23 April 2026,Jhargram,237,Binpur,Trinamool Congress,Birbaha Hansda,Bharatiya Janata Party,Pranat Tudu,Communist Party of India (Marxist),Rabi Sing Sardar,Indian National Congress,Golapi Soren
23 April 2026,Purulia,238,Bandwan,Trinamool Congress,Rajib Lochan Saren,Bharatiya Janata Party,Labsen Baskey,Communist Party of India (Marxist),Rathu Singh Sardar,Indian National Congress,Siten Mandi
23 April 2026,Purulia,239,Balarampur (Purulia),Trinamool Congress,Shantiram Mahato,Bharatiya Janata Party,Jaladhar Mahato,Communist Party of India (Marxist),Namita Mahato,Indian National Congress,Sukanta Mahato
23 April 2026,Purulia,240,Baghmundi,Trinamool Congress,Sushanta Mahato,Bharatiya Janata Party,Rahidas Mahato,All India Forward Bloc,Parimal Kumar,Indian National Congress,Nepal Chandra Mahato
23 April 2026,Purulia,241,Joypur (Purulia),Trinamool Congress,Arjun Mahato,Bharatiya Janata Party,Biswajit Mahato,All India Forward Bloc,Dhirendra Nath Mahato,Indian National Congress,Phani Bhushan Kumar
23 April 2026,Purulia,242,Purulia,Trinamool Congress,Sujoy Banerjee,Bharatiya Janata Party,Sudip Kumar Mukherjee,Communist Party of India (Marxist),Sayantan Ghosh,Indian National Congress,Dibyajyoti Prasad Singh Deo
23 April 2026,Purulia,243,Manbazar,Trinamool Congress,Sandhya Rani Tudu,Bharatiya Janata Party,Moyna Murmu,Communist Party of India (Marxist),Sonamoni Tudu,Indian National Congress,Sombari Mahali
23 April 2026,Purulia,244,Kashipur,Trinamool Congress,Soumen Beltharia,Bharatiya Janata Party,Kamalakanta Hansda,Communist Party of India (Marxist),Sulekha Bauri,Indian National Congress,Subhas Mahato
23 April 2026,Purulia,245,Para,Trinamool Congress,Manik Bauri,Bharatiya Janata Party,Nadiar Chand Bouri,Communist Party of India (Marxist),Aloke Bauri,Indian National Congress,Phalguni Bauri
23 April 2026,Purulia,246,Raghunathpur (Purulia),Trinamool Congress,Hazari Bauri,Bharatiya Janata Party,Mamoni Bauri,Communist Party of India (Marxist),Ganesh Bauri,Indian National Congress,Sandhya Bauri
23 April 2026,Bankura,247,Saltora,Trinamool Congress,Uttam Bauri,Bharatiya Janata Party,Chandana Bauri,Communist Party of India (Marxist),Nandalal Bauri,Indian National Congress,Amar Kanti Mandal
23 April 2026,Bankura,248,Chhatna,Trinamool Congress,Swapan Kumar Mandal,Bharatiya Janata Party,Satyanarayan Mukhopadhyay,Revolutionary Socialist Party (India),Rajib Kar,Indian National Congress,Partha Pratim Bose
23 April 2026,Bankura,249,Ranibandh,Trinamool Congress,Tanushree Hansda,Bharatiya Janata Party,Kshudiram Tudu,Communist Party of India (Marxist),Deblina Hembram,Indian National Congress,Gurupada Sardar
23 April 2026,Bankura,250,Raipur (Bankura),Trinamool Congress,Thakur Moni Soren,Bharatiya Janata Party,Kshetra Mohan Hansda,Communist Party of India (Marxist),Ram Mandi,Indian National Congress,Subhra Hembram Murmu
23 April 2026,Bankura,251,Taldangra,Trinamool Congress,Falguni Singhababu,Bharatiya Janata Party,Souvik Patra,Communist Party of India (Marxist),Debkanti Mohanti,Indian National Congress,Nayan Das Chakraborty
23 April 2026,Bankura,252,Bankura,Trinamool Congress,Anup Mondal,Bharatiya Janata Party,Niladri Sekhar Dana,Communist Party of India (Marxist),Abhayananda Mukherjee,Indian National Congress,Arup Banerjee
23 April 2026,Bankura,253,Barjora,Trinamool Congress,Gautam Mishra,Bharatiya Janata Party,Billeshwar Singha,Communist Party of India (Marxist),Sujit Chakraborty,Indian National Congress,Vivekananda Keora
23 April 2026,Bankura,254,Onda,Trinamool Congress,Subrata Dutta,Bharatiya Janata Party,Amarnath Shakha,All India Forward Bloc,Asit Sharma,Indian National Congress,Paban Salampuria
23 April 2026,Bankura,255,Bishnupur (Bankura),Trinamool Congress,Tanmay Ghosh,Bharatiya Janata Party,Shukla Chatterjee,Communist Party of India (Marxist-Leninist) Liberation,Titas Gupta,Indian National Congress,Ujjal Chandra
23 April 2026,Bankura,256,Katulpur,Trinamool Congress,Harakali Protiher,Bharatiya Janata Party,Lakshmikanta Majumdar,Communist Party of India (Marxist),Ramchandra Roy,Indian National Congress,Sumitra Mallick Santra
23 April 2026,Bankura,257,Indas,Trinamool Congress,Shyamali Roy Bagdi,Bharatiya Janata Party,Nirmal Kumar Dhara,Communist Party of India (Marxist),Mona Mallick,Indian National Congress,Mou Mandal Samanta
23 April 2026,Bankura,258,Sonamukhi,Trinamool Congress,Kallol Saha,Bharatiya Janata Party,Dibakar Gharami,Communist Party of India (Marxist),Ajit Roy,Indian National Congress,Rahul Bauri
29 April 2026,Purba Bardhaman,259,Khandaghosh,Trinamool Congress,Nabin Chandra Bag,Bharatiya Janata Party,Gautam Dhara,Communist Party of India (Marxist),Ramjiban Roy,Indian National Congress,Arup Kumar Saha
29 April 2026,Purba Bardhaman,260,Burdwan Dakshin,Trinamool Congress,Khokan Das,Bharatiya Janata Party,Moumita Biswas,Communist Party of India (Marxist),Sudipta Gupta,Indian National Congress,Gourab Samaddar
29 April 2026,Purba Bardhaman,261,Raina,Trinamool Congress,Mandira Dalui,Bharatiya Janata Party,Subhash Patra,Communist Party of India (Marxist),Somnath Majhi,Indian National Congress,Anik Saha
29 April 2026,Purba Bardhaman,262,Jamalpur,Trinamool Congress,Bhootnath Mallick,Bharatiya Janata Party,Arun Halder,Communist Party of India (Marxist),Samar Hazra,Indian National Congress,Rajib Saha
29 April 2026,Purba Bardhaman,263,Manteswar,Trinamool Congress,Siddiqullah Chowdhury,Bharatiya Janata Party,Saikat Panja,Communist Party of India (Marxist),Anupam Ghosh,Indian National Congress,Jyotirmoy Mondal
29 April 2026,Purba Bardhaman,264,Kalna,Trinamool Congress,Deboprasad Bag,Bharatiya Janata Party,Siddharth Majumdar,Communist Party of India (Marxist),Sarmistha Nag Saha,Indian National Congress,Amal Kumar Saha
29 April 2026,Purba Bardhaman,265,Memari,Trinamool Congress,Rasbihari Halder,Bharatiya Janata Party,Manav Guha,Communist Party of India (Marxist),Krishanu Bhadra,Indian National Congress,Prabir Ganguly
29 April 2026,Purba Bardhaman,266,Burdwan Uttar,Trinamool Congress,Nisith Kumar Malik,Bharatiya Janata Party,Sanjay Das,Communist Party of India (Marxist),Mamoni Mondal Roy,Indian National Congress,Sandip Das
29 April 2026,Purba Bardhaman,267,Bhatar,Trinamool Congress,Shantanu Koner,Bharatiya Janata Party,Soumen Karfa,Communist Party of India (Marxist),Hasina Khatoon,Indian National Congress,Dhurjati Bijoy Maji
29 April 2026,Purba Bardhaman,268,Purbasthali Dakshin,Trinamool Congress,Swapan Debnath,Bharatiya Janata Party,Prankrishna Tapadar,Communist Party of India (Marxist-Leninist) Liberation,Ziadul Sekh,Indian National Congress,Rabindranath Mondal
29 April 2026,Purba Bardhaman,269,Purbasthali Uttar,Trinamool Congress,Vasundhara Goswami,Bharatiya Janata Party,Gopal Chattopadhyay,Communist Party of India (Marxist),Pradip Saha,Indian National Congress,Amitava Bhattacharya
29 April 2026,Purba Bardhaman,270,Katwa,Trinamool Congress,Rabindranath Chatterjee,Bharatiya Janata Party,Krishna Ghosh,Communist Party of India (Marxist),Sanjib Das,Indian National Congress,Ranajit Chatterjee
29 April 2026,Purba Bardhaman,271,Ketugram,Trinamool Congress,Sekh Sahonawez,Bharatiya Janata Party,Anadi Ghosh,Indian Secular Front,Qari Jakir Hossain,Indian National Congress,Md. Mofirul Kassem
29 April 2026,Purba Bardhaman,272,Mangalkot,Trinamool Congress,Apurba Chowdhury,Bharatiya Janata Party,Shishir Ghosh,Communist Party of India (Marxist),Miraj Alam,Indian National Congress,Jagadish Dutta
29 April 2026,Purba Bardhaman,273,Ausgram,Trinamool Congress,Shyama Prasanna Lohar,Bharatiya Janata Party,Kalita Maji,Communist Party of India (Marxist),Chanchal Majhi,Indian National Congress,Nisha Boral
29 April 2026,Purba Bardhaman,274,Galsi,Trinamool Congress,Alok Kumar Majhi,Bharatiya Janata Party,Raju Patra,Communist Party of India (Marxist),Monimala Das,Indian National Congress,Debasish Biswas
23 April 2026,Paschim Bardhaman,275,Pandaveswar,Trinamool Congress,Narendranath Chakraborty,Bharatiya Janata Party,Jitendra Tiwari,Communist Party of India (Marxist),Prabir Mondal,Indian National Congress,Uttam Kumar Roy
23 April 2026,Paschim Bardhaman,276,Durgapur Purba,Trinamool Congress,Pradip Mazumdar,Bharatiya Janata Party,Chandra Shekhar Banerjee,Communist Party of India (Marxist),Simanta Chatterjee,Indian National Congress,Debesh Chakraborty
23 April 2026,Paschim Bardhaman,277,Durgapur Paschim,Trinamool Congress,Kavi Dutta,Bharatiya Janata Party,Lakshman Chandra Ghorui,Communist Party of India (Marxist),Pravas Sain,Indian National Congress,Tarun Roy
23 April 2026,Paschim Bardhaman,278,Raniganj,Trinamool Congress,Kalobaran Mondal,Bharatiya Janata Party,Partho Ghosh,Communist Party of India (Marxist),Naran Bauri,Indian National Congress,Faiz Ahmed
23 April 2026,Paschim Bardhaman,279,Jamuria,Trinamool Congress,Hareram Singh,Bharatiya Janata Party,Bijan Mukherjee,Communist Party of India (Marxist),Md. Sabbir Hussain,Indian National Congress,Tarun Kumar Ganguly
23 April 2026,Paschim Bardhaman,280,Asansol Dakshin,Trinamool Congress,Tapas Banerjee,Bharatiya Janata Party,Agnimitra Paul,Communist Party of India (Marxist),Shilpi Chakraborty,Indian National Congress,Souvik Mukherjee
23 April 2026,Paschim Bardhaman,281,Asansol Uttar,Trinamool Congress,Moloy Ghatak,Bharatiya Janata Party,Krishnendu Mukherjee,Communist Party of India,Akhilesh Kumar Singh,Indian National Congress,Prasenjit Puitandi
23 April 2026,Paschim Bardhaman,282,Kulti,Trinamool Congress,Abhijit Ghatak,Bharatiya Janata Party,Ajay Kumar Poddar,All India Forward Bloc,Bhabani Acharya,Indian National Congress,Rabi Yadav
23 April 2026,Paschim Bardhaman,283,Barabani,Trinamool Congress,Bidhan Upadhyay,Bharatiya Janata Party,Arijit Roy,Indian Secular Front,Biswajit Bauri,Indian National Congress,Joydev Roy
23 April 2026,Birbhum,284,Dubrajpur,Trinamool Congress,Chandra Naresh Bauri,Bharatiya Janata Party,Anup Kumar Saha,All India Forward Bloc,Bijoy Bagdi,Indian National Congress,Sanjoy Byapari
23 April 2026,Birbhum,285,Suri,Trinamool Congress,Ujjal Chatterjee,Bharatiya Janata Party,Jagannath Chattopadhyay,Communist Party of India (Marxist),Motiur Rahaman,Indian National Congress,Sanjoy Adhikary
23 April 2026,Birbhum,286,Bolpur,Trinamool Congress,Chandranath Sinha,Bharatiya Janata Party,Dilip Kumar Ghosh,Indian Secular Front,Bapi Soren,Indian National Congress,Rathin Sen
23 April 2026,Birbhum,287,Nanoor,Trinamool Congress,Bidhan Chandra Majhi,Bharatiya Janata Party,Khokan Das,Communist Party of India (Marxist),Shyamali Pradhan,Indian National Congress,Abhay Das
23 April 2026,Birbhum,288,Labhpur,Trinamool Congress,Abhijit Sinha,Bharatiya Janata Party,Debasish Ojha,Communist Party of India (Marxist),Mansa Hansda,Indian National Congress,Ratna Sen
23 April 2026,Birbhum,289,Sainthia,Trinamool Congress,Nilabati Saha,Bharatiya Janata Party,Krishna Kant Saha,Communist Party of India (Marxist),Debu Chunari,Indian National Congress,Archana Ankur
23 April 2026,Birbhum,290,Mayureswar,Trinamool Congress,Abhijit Roy,Bharatiya Janata Party,Dudh Kumar Mondal,Communist Party of India (Marxist),Jayanta Bhalla,Indian National Congress,Syed Kasafoddoza
23 April 2026,Birbhum,291,Rampurhat,Trinamool Congress,Ashish Banerjee,Bharatiya Janata Party,Dhruba Saha,Communist Party of India (Marxist),Sanjib Mallick,Indian National Congress,Vivekananda Shaw
23 April 2026,Birbhum,292,Hansan,Trinamool Congress,Fayezul Haque,Bharatiya Janata Party,Nikhil Banerjee,Communist Party of India (Marxist),Kamal Hasan,Indian National Congress,Milton Rashid
23 April 2026,Birbhum,293,Nalhati,Trinamool Congress,Rajendra Prasad Singh,Bharatiya Janata Party,Anil Singh,All India Forward Bloc,Dipak Chatterjee,Indian National Congress,Abdul Karim
23 April 2026,Birbhum,294,Murarai,Trinamool Congress,Mosarraf Hossain,Bharatiya Janata Party,Rinki Ghosh,Communist Party of India (Marxist),Md. Ali Reza Mandal,Indian National Congress,Sanjibur Rahaman