constituency_name,parliament_seat_name,total_2021_electors,turnout,winner_party,winner_alliance,winner_candidate,winner_votes,winner_vote_pct,runnerup_party,runnerup_alliance,runnerup_candidate,runnerup_votes,runnerup_vote_pct,margin_votes,margin_pct
Mekliganj,Jalpaiguri,226465,83.66%,Bharatiya Janata Party,National Democratic Alliance,Jayanta Kumar Roy,766568,48.57,Trinamool Congress,Indian National Developmental Inclusive Alliance,Nirmal Chandra Roy,679875,43.07,|86693,|5.50
Mathabhanga,Cooch Behar,248022,82.16%,Trinamool Congress,Indian National Developmental Inclusive Alliance,Jagadish Basunia,788375,48.57,Bharatiya Janata Party,National Democratic Alliance,Nisith Pramanik,749125,46.16,|39250,|2.41
Cooch Behar Uttar,Cooch Behar,282988,82.16%,Trinamool Congress,Indian National Developmental Inclusive Alliance,Jagadish Basunia,788375,48.57,Bharatiya Janata Party,National Democratic Alliance,Nisith Pramanik,749125,46.16,|39250,|2.41
Cooch Behar Dakshin,Cooch Behar,233839,82.16%,Trinamool Congress,Indian National Developmental Inclusive Alliance,Jagadish Basunia,788375,48.57,Bharatiya Janata Party,National Democratic Alliance,Nisith Pramanik,749125,46.16,|39250,|2.41
Sitalkuchi,Cooch Behar,285260,82.16%,Trinamool Congress,Indian National Developmental Inclusive Alliance,Jagadish Basunia,788375,48.57,Bharatiya Janata Party,National Democratic Alliance,Nisith Pramanik,749125,46.16,|39250,|2.41
Sitai,Cooch Behar,290568,82.16%,Trinamool Congress,Indian National Developmental Inclusive Alliance,Jagadish Basunia,788375,48.57,Bharatiya Janata Party,National Democratic Alliance,Nisith Pramanik,749125,46.16,|39250,|2.41
Dinhata,Cooch Behar,299251,82.16%,Trinamool Congress,Indian National Developmental Inclusive Alliance,Jagadish Basunia,788375,48.57,Bharatiya Janata Party,National Democratic Alliance,Nisith Pramanik,749125,46.16,|39250,|2.41
Natabari,Cooch Behar,245040,82.16%,Trinamool Congress,Indian National Developmental Inclusive Alliance,Jagadish Basunia,788375,48.57,Bharatiya Janata Party,National Democratic Alliance,Nisith Pramanik,749125,46.16,|39250,|2.41
Tufanganj,Alipurduars,234311,79.76%,Bharatiya Janata Party,National Democratic Alliance,Manoj Tigga,695314,48.92,Trinamool Congress,Indian National Developmental Inclusive Alliance,Prakash Chik Baraik,619867,43.61,|75447,|5.30
Kumargram,Alipurduars,272924,79.76%,Bharatiya Janata Party,National Democratic Alliance,Manoj Tigga,695314,48.92,Trinamool Congress,Indian National Developmental Inclusive Alliance,Prakash Chik Baraik,619867,43.61,|75447,|5.30
Kalchini,Alipurduars,247425,79.76%,Bharatiya Janata Party,National Democratic Alliance,Manoj Tigga,695314,48.92,Trinamool Congress,Indian National Developmental Inclusive Alliance,Prakash Chik Baraik,619867,43.61,|75447,|5.30
Alipurduars,Alipurduars,260652,79.76%,Bharatiya Janata Party,National Democratic Alliance,Manoj Tigga,695314,48.92,Trinamool Congress,Indian National Developmental Inclusive Alliance,Prakash Chik Baraik,619867,43.61,|75447,|5.30
Falakata,Alipurduars,254554,79.76%,Bharatiya Janata Party,National Democratic Alliance,Manoj Tigga,695314,48.92,Trinamool Congress,Indian National Developmental Inclusive Alliance,Prakash Chik Baraik,619867,43.61,|75447,|5.30
Madarihat,Alipurduars,212651,79.76%,Bharatiya Janata Party,National Democratic Alliance,Manoj Tigga,695314,48.92,Trinamool Congress,Indian National Developmental Inclusive Alliance,Prakash Chik Baraik,619867,43.61,|75447,|5.30
Dhupguri,Jalpaiguri,263118,83.66%,Bharatiya Janata Party,National Democratic Alliance,Jayanta Kumar Roy,766568,48.57,Trinamool Congress,Indian National Developmental Inclusive Alliance,Nirmal Chandra Roy,679875,43.07,|86693,|5.50
Maynaguri,Jalpaiguri,264265,83.66%,Bharatiya Janata Party,National Democratic Alliance,Jayanta Kumar Roy,766568,48.57,Trinamool Congress,Indian National Developmental Inclusive Alliance,Nirmal Chandra Roy,679875,43.07,|86693,|5.50
Jalpaiguri,Jalpaiguri,262500,83.66%,Bharatiya Janata Party,National Democratic Alliance,Jayanta Kumar Roy,766568,48.57,Trinamool Congress,Indian National Developmental Inclusive Alliance,Nirmal Chandra Roy,679875,43.07,|86693,|5.50
Rajganj,Jalpaiguri,244163,83.66%,Bharatiya Janata Party,National Democratic Alliance,Jayanta Kumar Roy,766568,48.57,Trinamool Congress,Indian National Developmental Inclusive Alliance,Nirmal Chandra Roy,679875,43.07,|86693,|5.50
Dabgram-Phulbari,Jalpaiguri,310354,83.66%,Bharatiya Janata Party,National Democratic Alliance,Jayanta Kumar Roy,766568,48.57,Trinamool Congress,Indian National Developmental Inclusive Alliance,Nirmal Chandra Roy,679875,43.07,|86693,|5.50
Mal,Jalpaiguri,237305,83.66%,Bharatiya Janata Party,National Democratic Alliance,Jayanta Kumar Roy,766568,48.57,Trinamool Congress,Indian National Developmental Inclusive Alliance,Nirmal Chandra Roy,679875,43.07,|86693,|5.50
Nagrakata,Alipurduars,237305,79.76%,Bharatiya Janata Party,National Democratic Alliance,Manoj Tigga,695314,48.92,Trinamool Congress,Indian National Developmental Inclusive Alliance,Prakash Chik Baraik,619867,43.61,|75447,|5.30
Kalimpong,Darjeeling,211896,74.76%,Bharatiya Janata Party,National Democratic Alliance,Raju Bista,679331,51.18,Trinamool Congress,Indian National Developmental Inclusive Alliance,Gopal Lama,500806,37.73,|178525,|13.45
Darjeeling,Darjeeling,246663,74.76%,Bharatiya Janata Party,National Democratic Alliance,Raju Bista,679331,51.18,Trinamool Congress,Indian National Developmental Inclusive Alliance,Gopal Lama,500806,37.73,|178525,|13.45
Kurseong,Darjeeling,236477,74.76%,Bharatiya Janata Party,National Democratic Alliance,Raju Bista,679331,51.18,Trinamool Congress,Indian National Developmental Inclusive Alliance,Gopal Lama,500806,37.73,|178525,|13.45
Matigara-Naxalbari,Darjeeling,287565,74.76%,Bharatiya Janata Party,National Democratic Alliance,Raju Bista,679331,51.18,Trinamool Congress,Indian National Developmental Inclusive Alliance,Gopal Lama,500806,37.73,|178525,|13.45
Siliguri,Darjeeling,228406,74.76%,Bharatiya Janata Party,National Democratic Alliance,Raju Bista,679331,51.18,Trinamool Congress,Indian National Developmental Inclusive Alliance,Gopal Lama,500806,37.73,|178525,|13.45
Phansidewa,Darjeeling,240946,74.76%,Bharatiya Janata Party,National Democratic Alliance,Raju Bista,679331,51.18,Trinamool Congress,Indian National Developmental Inclusive Alliance,Gopal Lama,500806,37.73,|178525,|13.45
Chopra,Darjeeling,247764,74.76%,Bharatiya Janata Party,National Democratic Alliance,Raju Bista,679331,51.18,Trinamool Congress,Indian National Developmental Inclusive Alliance,Gopal Lama,500806,37.73,|178525,|13.45
Islampur,Raiganj,219728,76.18%,Bharatiya Janata Party,National Democratic Alliance,Kartick Chandra Paul,560897,40.99,Trinamool Congress,Indian National Developmental Inclusive Alliance,Krishna Kalyani,492700,36.0,|68197,|4.99
Goalpokhar,Raiganj,224633,76.18%,Bharatiya Janata Party,National Democratic Alliance,Kartick Chandra Paul,560897,40.99,Trinamool Congress,Indian National Developmental Inclusive Alliance,Krishna Kalyani,492700,36.0,|68197,|4.99
Chakulia,Raiganj,233378,76.18%,Bharatiya Janata Party,National Democratic Alliance,Kartick Chandra Paul,560897,40.99,Trinamool Congress,Indian National Developmental Inclusive Alliance,Krishna Kalyani,492700,36.0,|68197,|4.99
Karandighi,Raiganj,262583,76.18%,Bharatiya Janata Party,National Democratic Alliance,Kartick Chandra Paul,560897,40.99,Trinamool Congress,Indian National Developmental Inclusive Alliance,Krishna Kalyani,492700,36.0,|68197,|4.99
Hemtabad,Raiganj,265318,76.18%,Bharatiya Janata Party,National Democratic Alliance,Kartick Chandra Paul,560897,40.99,Trinamool Congress,Indian National Developmental Inclusive Alliance,Krishna Kalyani,492700,36.0,|68197,|4.99
Kaliaganj,Raiganj,282575,76.18%,Bharatiya Janata Party,National Democratic Alliance,Kartick Chandra Paul,560897,40.99,Trinamool Congress,Indian National Developmental Inclusive Alliance,Krishna Kalyani,492700,36.0,|68197,|4.99
Raiganj,Raiganj,198780,76.18%,Bharatiya Janata Party,National Democratic Alliance,Kartick Chandra Paul,560897,40.99,Trinamool Congress,Indian National Developmental Inclusive Alliance,Krishna Kalyani,492700,36.0,|68197,|4.99
Itahar,Balurghat,229362,79.09%,Bharatiya Janata Party,National Democratic Alliance,Sukanta Majumder,574996,46.47,Trinamool Congress,Indian National Developmental Inclusive Alliance,Biplab Mitra,564610,45.63,|10386,|0.84
Kushmandi,Balurghat,219921,79.09%,Bharatiya Janata Party,National Democratic Alliance,Sukanta Majumder,574996,46.47,Trinamool Congress,Indian National Developmental Inclusive Alliance,Biplab Mitra,564610,45.63,|10386,|0.84
Kumarganj,Balurghat,203896,79.09%,Bharatiya Janata Party,National Democratic Alliance,Sukanta Majumder,574996,46.47,Trinamool Congress,Indian National Developmental Inclusive Alliance,Biplab Mitra,564610,45.63,|10386,|0.84
Balurghat,Balurghat,180390,79.09%,Bharatiya Janata Party,National Democratic Alliance,Sukanta Majumder,574996,46.47,Trinamool Congress,Indian National Developmental Inclusive Alliance,Biplab Mitra,564610,45.63,|10386,|0.84
Tapan,Balurghat,220236,79.09%,Bharatiya Janata Party,National Democratic Alliance,Sukanta Majumder,574996,46.47,Trinamool Congress,Indian National Developmental Inclusive Alliance,Biplab Mitra,564610,45.63,|10386,|0.84
Gangarampur,Balurghat,224040,79.09%,Bharatiya Janata Party,National Democratic Alliance,Sukanta Majumder,574996,46.47,Trinamool Congress,Indian National Developmental Inclusive Alliance,Biplab Mitra,564610,45.63,|10386,|0.84
Harirampur,Balurghat,228189,79.09%,Bharatiya Janata Party,National Democratic Alliance,Sukanta Majumder,574996,46.47,Trinamool Congress,Indian National Developmental Inclusive Alliance,Biplab Mitra,564610,45.63,|10386,|0.84
Habibpur,Maldaha Uttar,249957,76.03%,Bharatiya Janata Party,National Democratic Alliance,Khagen Murmu,527023,37.18,Trinamool Congress,Indian National Developmental Inclusive Alliance,Prasun Banerjee,449315,31.7,|77708,|5.48
Gazole,Maldaha Uttar,267096,76.03%,Bharatiya Janata Party,National Democratic Alliance,Khagen Murmu,527023,37.18,Trinamool Congress,Indian National Developmental Inclusive Alliance,Prasun Banerjee,449315,31.7,|77708,|5.48
Chanchal,Maldaha Uttar,249402,76.03%,Bharatiya Janata Party,National Democratic Alliance,Khagen Murmu,527023,37.18,Trinamool Congress,Indian National Developmental Inclusive Alliance,Prasun Banerjee,449315,31.7,|77708,|5.48
Harishchandrapur,Maldaha Uttar,252487,76.03%,Bharatiya Janata Party,National Democratic Alliance,Khagen Murmu,527023,37.18,Trinamool Congress,Indian National Developmental Inclusive Alliance,Prasun Banerjee,449315,31.7,|77708,|5.48
Malatipur,Maldaha Uttar,231907,76.03%,Bharatiya Janata Party,National Democratic Alliance,Khagen Murmu,527023,37.18,Trinamool Congress,Indian National Developmental Inclusive Alliance,Prasun Banerjee,449315,31.7,|77708,|5.48
Ratua,Maldaha Uttar,282451,76.03%,Bharatiya Janata Party,National Democratic Alliance,Khagen Murmu,527023,37.18,Trinamool Congress,Indian National Developmental Inclusive Alliance,Prasun Banerjee,449315,31.7,|77708,|5.48
Manikchak,Maldaha Dakshin,253353,76.69%,Indian National Congress,Indian National Developmental Inclusive Alliance,Isha Khan Choudhury,572395,41.79,Bharatiya Janata Party,National Democratic Alliance,Sreerupa Mitra Chaudhury,444027,32.42,|128368,|9.37
Maldaha,Maldaha Uttar,245962,76.03%,Bharatiya Janata Party,National Democratic Alliance,Khagen Murmu,527023,37.18,Trinamool Congress,Indian National Developmental Inclusive Alliance,Prasun Banerjee,449315,31.7,|77708,|5.48
English Bazar,Maldaha Dakshin,275296,76.69%,Indian National Congress,Indian National Developmental Inclusive Alliance,Isha Khan Choudhury,572395,41.79,Bharatiya Janata Party,National Democratic Alliance,Sreerupa Mitra Chaudhury,444027,32.42,|128368,|9.37
Mothabari,Maldaha Dakshin,196324,76.69%,Indian National Congress,Indian National Developmental Inclusive Alliance,Isha Khan Choudhury,572395,41.79,Bharatiya Janata Party,National Democratic Alliance,Sreerupa Mitra Chaudhury,444027,32.42,|128368,|9.37
Sujapur,Maldaha Dakshin,251186,76.69%,Indian National Congress,Indian National Developmental Inclusive Alliance,Isha Khan Choudhury,572395,41.79,Bharatiya Janata Party,National Democratic Alliance,Sreerupa Mitra Chaudhury,444027,32.42,|128368,|9.37
Baisnabnagar,Maldaha Dakshin,246956,76.69%,Indian National Congress,Indian National Developmental Inclusive Alliance,Isha Khan Choudhury,572395,41.79,Bharatiya Janata Party,National Democratic Alliance,Sreerupa Mitra Chaudhury,444027,32.42,|128368,|9.37
Farakka,Maldaha Dakshin,227549,76.69%,Indian National Congress,Indian National Developmental Inclusive Alliance,Isha Khan Choudhury,572395,41.79,Bharatiya Janata Party,National Democratic Alliance,Sreerupa Mitra Chaudhury,444027,32.42,|128368,|9.37
Samserganj,Maldaha Dakshin,235576,76.69%,Indian National Congress,Indian National Developmental Inclusive Alliance,Isha Khan Choudhury,572395,41.79,Bharatiya Janata Party,National Democratic Alliance,Sreerupa Mitra Chaudhury,444027,32.42,|128368,|9.37
Suti,Jangipur,265418,75.72%,Trinamool Congress,Indian National Developmental Inclusive Alliance,Khalilur Rahaman,544427,39.75,Indian National Congress,Indian National Developmental Inclusive Alliance,Murtaza Hossain,427790,31.23,|116637,|8.52
Jangipur,Jangipur,255064,75.72%,Trinamool Congress,Indian National Developmental Inclusive Alliance,Khalilur Rahaman,544427,39.75,Indian National Congress,Indian National Developmental Inclusive Alliance,Murtaza Hossain,427790,31.23,|116637,|8.52
Raghunathganj,Jangipur,249559,75.72%,Trinamool Congress,Indian National Developmental Inclusive Alliance,Khalilur Rahaman,544427,39.75,Indian National Congress,Indian National Developmental Inclusive Alliance,Murtaza Hossain,427790,31.23,|116637,|8.52
Sagardighi,Jangipur,236885,75.72%,Trinamool Congress,Indian National Developmental Inclusive Alliance,Khalilur Rahaman,544427,39.75,Indian National Congress,Indian National Developmental Inclusive Alliance,Murtaza Hossain,427790,31.23,|116637,|8.52
Lalgola,Jangipur,234381,75.72%,Trinamool Congress,Indian National Developmental Inclusive Alliance,Khalilur Rahaman,544427,39.75,Indian National Congress,Indian National Developmental Inclusive Alliance,Murtaza Hossain,427790,31.23,|116637,|8.52
Bhagabangola,Murshidabad,263765,81.52%,Trinamool Congress,Indian National Developmental Inclusive Alliance,Abu Taher Khan,682442,44.27,Communist Party of India (Marxist),Indian National Developmental Inclusive Alliance,Mohammed Salim,518227,33.62,|164215,|10.65
Raninagar,Murshidabad,256101,81.52%,Trinamool Congress,Indian National Developmental Inclusive Alliance,Abu Taher Khan,682442,44.27,Communist Party of India (Marxist),Indian National Developmental Inclusive Alliance,Mohammed Salim,518227,33.62,|164215,|10.65
Murshidabad,Murshidabad,268221,81.52%,Trinamool Congress,Indian National Developmental Inclusive Alliance,Abu Taher Khan,682442,44.27,Communist Party of India (Marxist),Indian National Developmental Inclusive Alliance,Mohammed Salim,518227,33.62,|164215,|10.65
Nabagram,Jangipur,251378,75.72%,Trinamool Congress,Indian National Developmental Inclusive Alliance,Khalilur Rahaman,544427,39.75,Indian National Congress,Indian National Developmental Inclusive Alliance,Murtaza Hossain,427790,31.23,|116637,|8.52
Khargram,Jangipur,228923,75.72%,Trinamool Congress,Indian National Developmental Inclusive Alliance,Khalilur Rahaman,544427,39.75,Indian National Congress,Indian National Developmental Inclusive Alliance,Murtaza Hossain,427790,31.23,|116637,|8.52
Burwan,Baharampur,217500,77.54%,Trinamool Congress,Indian National Developmental Inclusive Alliance,Yusuf Pathan,524516,37.88,Indian National Congress,Indian National Developmental Inclusive Alliance,Adhir Ranjan Chowdhury,439494,31.74,|85022,|6.14
Kandi,Baharampur,238973,77.54%,Trinamool Congress,Indian National Developmental Inclusive Alliance,Yusuf Pathan,524516,37.88,Indian National Congress,Indian National Developmental Inclusive Alliance,Adhir Ranjan Chowdhury,439494,31.74,|85022,|6.14
Bharatpur,Baharampur,243603,77.54%,Trinamool Congress,Indian National Developmental Inclusive Alliance,Yusuf Pathan,524516,37.88,Indian National Congress,Indian National Developmental Inclusive Alliance,Adhir Ranjan Chowdhury,439494,31.74,|85022,|6.14
Rejinagar,Baharampur,259771,77.54%,Trinamool Congress,Indian National Developmental Inclusive Alliance,Yusuf Pathan,524516,37.88,Indian National Congress,Indian National Developmental Inclusive Alliance,Adhir Ranjan Chowdhury,439494,31.74,|85022,|6.14
Beldanga,Baharampur,252944,77.54%,Trinamool Congress,Indian National Developmental Inclusive Alliance,Yusuf Pathan,524516,37.88,Indian National Congress,Indian National Developmental Inclusive Alliance,Adhir Ranjan Chowdhury,439494,31.74,|85022,|6.14
Baharampur,Baharampur,260667,77.54%,Trinamool Congress,Indian National Developmental Inclusive Alliance,Yusuf Pathan,524516,37.88,Indian National Congress,Indian National Developmental Inclusive Alliance,Adhir Ranjan Chowdhury,439494,31.74,|85022,|6.14
Hariharpara,Murshidabad,247421,81.52%,Trinamool Congress,Indian National Developmental Inclusive Alliance,Abu Taher Khan,682442,44.27,Communist Party of India (Marxist),Indian National Developmental Inclusive Alliance,Mohammed Salim,518227,33.62,|164215,|10.65
Naoda,Baharampur,247688,77.54%,Trinamool Congress,Indian National Developmental Inclusive Alliance,Yusuf Pathan,524516,37.88,Indian National Congress,Indian National Developmental Inclusive Alliance,Adhir Ranjan Chowdhury,439494,31.74,|85022,|6.14
Domkal,Murshidabad,266283,81.52%,Trinamool Congress,Indian National Developmental Inclusive Alliance,Abu Taher Khan,682442,44.27,Communist Party of India (Marxist),Indian National Developmental Inclusive Alliance,Mohammed Salim,518227,33.62,|164215,|10.65
Jalangi,Murshidabad,261258,81.52%,Trinamool Congress,Indian National Developmental Inclusive Alliance,Abu Taher Khan,682442,44.27,Communist Party of India (Marxist),Indian National Developmental Inclusive Alliance,Mohammed Salim,518227,33.62,|164215,|10.65
Karimpur,Murshidabad,251039,81.52%,Trinamool Congress,Indian National Developmental Inclusive Alliance,Abu Taher Khan,682442,44.27,Communist Party of India (Marxist),Indian National Developmental Inclusive Alliance,Mohammed Salim,518227,33.62,|164215,|10.65
Tehatta,Krishnanagar,252454,80.65%,Trinamool Congress,Indian National Developmental Inclusive Alliance,Mahua Moitra,628789,44.1,Bharatiya Janata Party,National Democratic Alliance,Amrita Roy,572084,40.13,|56705,|3.98
Palashipara,Krishnanagar,244867,80.65%,Trinamool Congress,Indian National Developmental Inclusive Alliance,Mahua Moitra,628789,44.1,Bharatiya Janata Party,National Democratic Alliance,Amrita Roy,572084,40.13,|56705,|3.98
Kaliganj,Krishnanagar,248358,80.65%,Trinamool Congress,Indian National Developmental Inclusive Alliance,Mahua Moitra,628789,44.1,Bharatiya Janata Party,National Democratic Alliance,Amrita Roy,572084,40.13,|56705,|3.98
Nakashipara,Krishnanagar,247691,80.65%,Trinamool Congress,Indian National Developmental Inclusive Alliance,Mahua Moitra,628789,44.1,Bharatiya Janata Party,National Democratic Alliance,Amrita Roy,572084,40.13,|56705,|3.98
Chapra,Krishnanagar,248014,80.65%,Trinamool Congress,Indian National Developmental Inclusive Alliance,Mahua Moitra,628789,44.1,Bharatiya Janata Party,National Democratic Alliance,Amrita Roy,572084,40.13,|56705,|3.98
Krishnanagar Uttar,Krishnanagar,238220,80.65%,Trinamool Congress,Indian National Developmental Inclusive Alliance,Mahua Moitra,628789,44.1,Bharatiya Janata Party,National Democratic Alliance,Amrita Roy,572084,40.13,|56705,|3.98
Nabadwip,Ranaghat,243159,81.87%,Bharatiya Janata Party,National Democratic Alliance,Jagannath Sarkar,782396,50.78,Trinamool Congress,Indian National Developmental Inclusive Alliance,Mukut Mani Adhikari,595497,38.65,|186899,|12.13
Krishnanagar Dakshin,Krishnanagar,225118,80.65%,Trinamool Congress,Indian National Developmental Inclusive Alliance,Mahua Moitra,628789,44.1,Bharatiya Janata Party,National Democratic Alliance,Amrita Roy,572084,40.13,|56705,|3.98
Santipur,Ranaghat,255619,81.87%,Bharatiya Janata Party,National Democratic Alliance,Jagannath Sarkar,782396,50.78,Trinamool Congress,Indian National Developmental Inclusive Alliance,Mukut Mani Adhikari,595497,38.65,|186899,|12.13
Ranaghat Uttar Paschim,Ranaghat,265846,81.87%,Bharatiya Janata Party,National Democratic Alliance,Jagannath Sarkar,782396,50.78,Trinamool Congress,Indian National Developmental Inclusive Alliance,Mukut Mani Adhikari,595497,38.65,|186899,|12.13
Krishnaganj,Ranaghat,273728,81.87%,Bharatiya Janata Party,National Democratic Alliance,Jagannath Sarkar,782396,50.78,Trinamool Congress,Indian National Developmental Inclusive Alliance,Mukut Mani Adhikari,595497,38.65,|186899,|12.13
Ranaghat Uttar Purba,Ranaghat,264929,81.87%,Bharatiya Janata Party,National Democratic Alliance,Jagannath Sarkar,782396,50.78,Trinamool Congress,Indian National Developmental Inclusive Alliance,Mukut Mani Adhikari,595497,38.65,|186899,|12.13
Ranaghat Dakshin,Ranaghat,285180,81.87%,Bharatiya Janata Party,National Democratic Alliance,Jagannath Sarkar,782396,50.78,Trinamool Congress,Indian National Developmental Inclusive Alliance,Mukut Mani Adhikari,595497,38.65,|186899,|12.13
Chakdaha,Ranaghat,245514,81.87%,Bharatiya Janata Party,National Democratic Alliance,Jagannath Sarkar,782396,50.78,Trinamool Congress,Indian National Developmental Inclusive Alliance,Mukut Mani Adhikari,595497,38.65,|186899,|12.13
Kalyani,Bongaon,257683,81.04%,Bharatiya Janata Party,National Democratic Alliance,Shantanu Thakur,719505,48.19,Trinamool Congress,Indian National Developmental Inclusive Alliance,Biswajit Das,645812,43.25,|73693,|4.94
Haringhata,Bongaon,240606,81.04%,Bharatiya Janata Party,National Democratic Alliance,Shantanu Thakur,719505,48.19,Trinamool Congress,Indian National Developmental Inclusive Alliance,Biswajit Das,645812,43.25,|73693,|4.94
Bagda,Bongaon,277464,81.04%,Bharatiya Janata Party,National Democratic Alliance,Shantanu Thakur,719505,48.19,Trinamool Congress,Indian National Developmental Inclusive Alliance,Biswajit Das,645812,43.25,|73693,|4.94
Bangaon Uttar,Bongaon,251387,81.04%,Bharatiya Janata Party,National Democratic Alliance,Shantanu Thakur,719505,48.19,Trinamool Congress,Indian National Developmental Inclusive Alliance,Biswajit Das,645812,43.25,|73693,|4.94
Bangaon Dakshin,Bongaon,248278,81.04%,Bharatiya Janata Party,National Democratic Alliance,Shantanu Thakur,719505,48.19,Trinamool Congress,Indian National Developmental Inclusive Alliance,Biswajit Das,645812,43.25,|73693,|4.94
Gaighata,Bongaon,252053,81.04%,Bharatiya Janata Party,National Democratic Alliance,Shantanu Thakur,719505,48.19,Trinamool Congress,Indian National Developmental Inclusive Alliance,Biswajit Das,645812,43.25,|73693,|4.94
Swarupnagar,Bongaon,246109,81.04%,Bharatiya Janata Party,National Democratic Alliance,Shantanu Thakur,719505,48.19,Trinamool Congress,Indian National Developmental Inclusive Alliance,Biswajit Das,645812,43.25,|73693,|4.94
Baduria,Basirhat,243747,84.31%,Trinamool Congress,Indian National Developmental Inclusive Alliance,Haji Nurul Islam,803762,52.76,Bharatiya Janata Party,National Democratic Alliance,Rekha Patra,470215,30.87,|333547,|21.89
Habra,Barasat,242425,80.17%,Trinamool Congress,Indian National Developmental Inclusive Alliance,Kakoli Ghosh Dastidar,692010,45.15,Bharatiya Janata Party,National Democratic Alliance,Swapan Majumder,577821,37.7,|114189,|7.45
Ashoknagar,Barasat,257180,80.17%,Trinamool Congress,Indian National Developmental Inclusive Alliance,Kakoli Ghosh Dastidar,692010,45.15,Bharatiya Janata Party,National Democratic Alliance,Swapan Majumder,577821,37.7,|114189,|7.45
Amdanga,Barrackpore,242462,75.41%,Trinamool Congress,Indian National Developmental Inclusive Alliance,Partha Bhowmick,520231,45.56,Bharatiya Janata Party,National Democratic Alliance,Arjun Singh,455793,39.92,|64438,|5.64
Bijpur,Barrackpore,192316,75.41%,Trinamool Congress,Indian National Developmental Inclusive Alliance,Partha Bhowmick,520231,45.56,Bharatiya Janata Party,National Democratic Alliance,Arjun Singh,455793,39.92,|64438,|5.64
Naihati,Barrackpore,193930,75.41%,Trinamool Congress,Indian National Developmental Inclusive Alliance,Partha Bhowmick,520231,45.56,Bharatiya Janata Party,National Democratic Alliance,Arjun Singh,455793,39.92,|64438,|5.64
Bhatpara,Barrackpore,154037,75.41%,Trinamool Congress,Indian National Developmental Inclusive Alliance,Partha Bhowmick,520231,45.56,Bharatiya Janata Party,National Democratic Alliance,Arjun Singh,455793,39.92,|64438,|5.64
Jagatdal,Barrackpore,233871,75.41%,Trinamool Congress,Indian National Developmental Inclusive Alliance,Partha Bhowmick,520231,45.56,Bharatiya Janata Party,National Democratic Alliance,Arjun Singh,455793,39.92,|64438,|5.64
Noapara,Barrackpore,262133,75.41%,Trinamool Congress,Indian National Developmental Inclusive Alliance,Partha Bhowmick,520231,45.56,Bharatiya Janata Party,National Democratic Alliance,Arjun Singh,455793,39.92,|64438,|5.64
Barrackpur,Barrackpore,215336,75.41%,Trinamool Congress,Indian National Developmental Inclusive Alliance,Partha Bhowmick,520231,45.56,Bharatiya Janata Party,National Democratic Alliance,Arjun Singh,455793,39.92,|64438,|5.64
Khardaha,Dum Dum,232619,73.81%,Trinamool Congress,Indian National Developmental Inclusive Alliance,Saugata Roy,528579,41.95,Bharatiya Janata Party,National Democratic Alliance,Shilbhadra Dutta,457919,36.34,|70660,|5.61
Dum Dum Uttar,Dum Dum,273015,73.81%,Trinamool Congress,Indian National Developmental Inclusive Alliance,Saugata Roy,528579,41.95,Bharatiya Janata Party,National Democratic Alliance,Shilbhadra Dutta,457919,36.34,|70660,|5.61
Panihati,Dum Dum,230748,73.81%,Trinamool Congress,Indian National Developmental Inclusive Alliance,Saugata Roy,528579,41.95,Bharatiya Janata Party,National Democratic Alliance,Shilbhadra Dutta,457919,36.34,|70660,|5.61
Kamarhati,Dum Dum,197013,73.81%,Trinamool Congress,Indian National Developmental Inclusive Alliance,Saugata Roy,528579,41.95,Bharatiya Janata Party,National Democratic Alliance,Shilbhadra Dutta,457919,36.34,|70660,|5.61
Baranagar,Dum Dum,217774,73.81%,Trinamool Congress,Indian National Developmental Inclusive Alliance,Saugata Roy,528579,41.95,Bharatiya Janata Party,National Democratic Alliance,Shilbhadra Dutta,457919,36.34,|70660,|5.61
Dum Dum,Dum Dum,247858,73.81%,Trinamool Congress,Indian National Developmental Inclusive Alliance,Saugata Roy,528579,41.95,Bharatiya Janata Party,National Democratic Alliance,Shilbhadra Dutta,457919,36.34,|70660,|5.61
Rajarhat New Town,Barasat,289075,80.17%,Trinamool Congress,Indian National Developmental Inclusive Alliance,Kakoli Ghosh Dastidar,692010,45.15,Bharatiya Janata Party,National Democratic Alliance,Swapan Majumder,577821,37.7,|114189,|7.45
Bidhannagar,Barasat,243360,80.17%,Trinamool Congress,Indian National Developmental Inclusive Alliance,Kakoli Ghosh Dastidar,692010,45.15,Bharatiya Janata Party,National Democratic Alliance,Swapan Majumder,577821,37.7,|114189,|7.45
Rajarhat Gopalpur,Dum Dum,257447,73.81%,Trinamool Congress,Indian National Developmental Inclusive Alliance,Saugata Roy,528579,41.95,Bharatiya Janata Party,National Democratic Alliance,Shilbhadra Dutta,457919,36.34,|70660,|5.61
Madhyamgram,Barasat,272397,80.17%,Trinamool Congress,Indian National Developmental Inclusive Alliance,Kakoli Ghosh Dastidar,692010,45.15,Bharatiya Janata Party,National Democratic Alliance,Swapan Majumder,577821,37.7,|114189,|7.45
Barasat,Barasat,279592,80.17%,Trinamool Congress,Indian National Developmental Inclusive Alliance,Kakoli Ghosh Dastidar,692010,45.15,Bharatiya Janata Party,National Democratic Alliance,Swapan Majumder,577821,37.7,|114189,|7.45
Deganga,Barasat,242652,80.17%,Trinamool Congress,Indian National Developmental Inclusive Alliance,Kakoli Ghosh Dastidar,692010,45.15,Bharatiya Janata Party,National Democratic Alliance,Swapan Majumder,577821,37.7,|114189,|7.45
Haroa,Basirhat,259206,84.31%,Trinamool Congress,Indian National Developmental Inclusive Alliance,Haji Nurul Islam,803762,52.76,Bharatiya Janata Party,National Democratic Alliance,Rekha Patra,470215,30.87,|333547,|21.89
Minakhan,Basirhat,236528,84.31%,Trinamool Congress,Indian National Developmental Inclusive Alliance,Haji Nurul Islam,803762,52.76,Bharatiya Janata Party,National Democratic Alliance,Rekha Patra,470215,30.87,|333547,|21.89
Sandeshkhali,Basirhat,238633,84.31%,Trinamool Congress,Indian National Developmental Inclusive Alliance,Haji Nurul Islam,803762,52.76,Bharatiya Janata Party,National Democratic Alliance,Rekha Patra,470215,30.87,|333547,|21.89
Basirhat Dakshin,Basirhat,275934,84.31%,Trinamool Congress,Indian National Developmental Inclusive Alliance,Haji Nurul Islam,803762,52.76,Bharatiya Janata Party,National Democratic Alliance,Rekha Patra,470215,30.87,|333547,|21.89
Basirhat Uttar,Basirhat,268034,84.31%,Trinamool Congress,Indian National Developmental Inclusive Alliance,Haji Nurul Islam,803762,52.76,Bharatiya Janata Party,National Democratic Alliance,Rekha Patra,470215,30.87,|333547,|21.89
Hingalganj,Basirhat,228508,84.31%,Trinamool Congress,Indian National Developmental Inclusive Alliance,Haji Nurul Islam,803762,52.76,Bharatiya Janata Party,National Democratic Alliance,Rekha Patra,470215,30.87,|333547,|21.89
Gosaba,Joynagar,230348,80.08%,Trinamool Congress,Indian National Developmental Inclusive Alliance,Pratima Mondal,894312,60.32,Bharatiya Janata Party,National Democratic Alliance,Ashok Kandari,424093,28.6,|470219,|31.72
Basanti,Joynagar,260681,80.08%,Trinamool Congress,Indian National Developmental Inclusive Alliance,Pratima Mondal,894312,60.32,Bharatiya Janata Party,National Democratic Alliance,Ashok Kandari,424093,28.6,|470219,|31.72
Kultali,Joynagar,265561,80.08%,Trinamool Congress,Indian National Developmental Inclusive Alliance,Pratima Mondal,894312,60.32,Bharatiya Janata Party,National Democratic Alliance,Ashok Kandari,424093,28.6,|470219,|31.72
Patharpratima,Mathurapur,263675,82.02%,Trinamool Congress,Indian National Developmental Inclusive Alliance,Bapi Halder,755731,50.52,Bharatiya Janata Party,National Democratic Alliance,Ashok Purkait,554674,37.08,|201057,|13.44
Kakdwip,Mathurapur,247826,82.02%,Trinamool Congress,Indian National Developmental Inclusive Alliance,Bapi Halder,755731,50.52,Bharatiya Janata Party,National Democratic Alliance,Ashok Purkait,554674,37.08,|201057,|13.44
Sagar,Mathurapur,274715,82.02%,Trinamool Congress,Indian National Developmental Inclusive Alliance,Bapi Halder,755731,50.52,Bharatiya Janata Party,National Democratic Alliance,Ashok Purkait,554674,37.08,|201057,|13.44
Kulpi,Mathurapur,220144,82.02%,Trinamool Congress,Indian National Developmental Inclusive Alliance,Bapi Halder,755731,50.52,Bharatiya Janata Party,National Democratic Alliance,Ashok Purkait,554674,37.08,|201057,|13.44
Raidighi,Mathurapur,273558,82.02%,Trinamool Congress,Indian National Developmental Inclusive Alliance,Bapi Halder,755731,50.52,Bharatiya Janata Party,National Democratic Alliance,Ashok Purkait,554674,37.08,|201057,|13.44
Mandirbazar,Mathurapur,229129,82.02%,Trinamool Congress,Indian National Developmental Inclusive Alliance,Bapi Halder,755731,50.52,Bharatiya Janata Party,National Democratic Alliance,Ashok Purkait,554674,37.08,|201057,|13.44
Jaynagar,Joynagar,239968,80.08%,Trinamool Congress,Indian National Developmental Inclusive Alliance,Pratima Mondal,894312,60.32,Bharatiya Janata Party,National Democratic Alliance,Ashok Kandari,424093,28.6,|470219,|31.72
Baruipur Purba,Jadavpur,265091,76.68%,Trinamool Congress,Indian National Developmental Inclusive Alliance,Saayoni Ghosh,717899,45.83,Bharatiya Janata Party,National Democratic Alliance,Anirban Ganguly,459698,29.35,|258201,|16.48
Canning Paschim,Joynagar,257681,80.08%,Trinamool Congress,Indian National Developmental Inclusive Alliance,Pratima Mondal,894312,60.32,Bharatiya Janata Party,National Democratic Alliance,Ashok Kandari,424093,28.6,|470219,|31.72
Canning Purba,Joynagar,262439,80.08%,Trinamool Congress,Indian National Developmental Inclusive Alliance,Pratima Mondal,894312,60.32,Bharatiya Janata Party,National Democratic Alliance,Ashok Kandari,424093,28.6,|470219,|31.72
Baruipur Paschim,Jadavpur,253749,76.68%,Trinamool Congress,Indian National Developmental Inclusive Alliance,Saayoni Ghosh,717899,45.83,Bharatiya Janata Party,National Democratic Alliance,Anirban Ganguly,459698,29.35,|258201,|16.48
Magrahat Purba,Joynagar,242530,80.08%,Trinamool Congress,Indian National Developmental Inclusive Alliance,Pratima Mondal,894312,60.32,Bharatiya Janata Party,National Democratic Alliance,Ashok Kandari,424093,28.6,|470219,|31.72
Magrahat Paschim,Mathurapur,229437,82.02%,Trinamool Congress,Indian National Developmental Inclusive Alliance,Bapi Halder,755731,50.52,Bharatiya Janata Party,National Democratic Alliance,Ashok Purkait,554674,37.08,|201057,|13.44
Diamond Harbour,Diamond Harbour,255132,81.04%,Trinamool Congress,Indian National Developmental Inclusive Alliance,Abhishek Banerjee,1048230,68.48,Bharatiya Janata Party,National Democratic Alliance,Abhijit Das,337300,22.03,|710930,|46.45
Falta,Diamond Harbour,236768,81.04%,Trinamool Congress,Indian National Developmental Inclusive Alliance,Abhishek Banerjee,1048230,68.48,Bharatiya Janata Party,National Democratic Alliance,Abhijit Das,337300,22.03,|710930,|46.45
Satgachhia,Diamond Harbour,270193,81.04%,Trinamool Congress,Indian National Developmental Inclusive Alliance,Abhishek Banerjee,1048230,68.48,Bharatiya Janata Party,National Democratic Alliance,Abhijit Das,337300,22.03,|710930,|46.45
Bishnupur (South 24 Parganas),Diamond Harbour,278850,81.04%,Trinamool Congress,Indian National Developmental Inclusive Alliance,Abhishek Banerjee,1048230,68.48,Bharatiya Janata Party,National Democratic Alliance,Abhijit Das,337300,22.03,|710930,|46.45
Sonarpur Dakshin,Jadavpur,288623,76.68%,Trinamool Congress,Indian National Developmental Inclusive Alliance,Saayoni Ghosh,717899,45.83,Bharatiya Janata Party,National Democratic Alliance,Anirban Ganguly,459698,29.35,|258201,|16.48
Bhangar,Jadavpur,271897,76.68%,Trinamool Congress,Indian National Developmental Inclusive Alliance,Saayoni Ghosh,717899,45.83,Bharatiya Janata Party,National Democratic Alliance,Anirban Ganguly,459698,29.35,|258201,|16.48
Kasba,Kolkata Dakshin,306266,66.95%,Trinamool Congress,Indian National Developmental Inclusive Alliance,Mala Roy,615274,49.48,Bharatiya Janata Party,National Democratic Alliance,Debasree Chaudhuri,428043,34.42,|187231,|15.06
Jadavpur,Jadavpur,299818,76.68%,Trinamool Congress,Indian National Developmental Inclusive Alliance,Saayoni Ghosh,717899,45.83,Bharatiya Janata Party,National Democratic Alliance,Anirban Ganguly,459698,29.35,|258201,|16.48
Sonarpur Uttar,Jadavpur,269713,76.68%,Trinamool Congress,Indian National Developmental Inclusive Alliance,Saayoni Ghosh,717899,45.83,Bharatiya Janata Party,National Democratic Alliance,Anirban Ganguly,459698,29.35,|258201,|16.48
Tollyganj,Jadavpur,269713,76.68%,Trinamool Congress,Indian National Developmental Inclusive Alliance,Saayoni Ghosh,717899,45.83,Bharatiya Janata Party,National Democratic Alliance,Anirban Ganguly,459698,29.35,|258201,|16.48
Behala Purba,Kolkata Dakshin,308285,66.95%,Trinamool Congress,Indian National Developmental Inclusive Alliance,Mala Roy,615274,49.48,Bharatiya Janata Party,National Democratic Alliance,Debasree Chaudhuri,428043,34.42,|187231,|15.06
Behala Paschim,Kolkata Dakshin,313198,66.95%,Trinamool Congress,Indian National Developmental Inclusive Alliance,Mala Roy,615274,49.48,Bharatiya Janata Party,National Democratic Alliance,Debasree Chaudhuri,428043,34.42,|187231,|15.06
Maheshtala,Diamond Harbour,271007,81.04%,Trinamool Congress,Indian National Developmental Inclusive Alliance,Abhishek Banerjee,1048230,68.48,Bharatiya Janata Party,National Democratic Alliance,Abhijit Das,337300,22.03,|710930,|46.45
Budge Budge,Diamond Harbour,256136,81.04%,Trinamool Congress,Indian National Developmental Inclusive Alliance,Abhishek Banerjee,1048230,68.48,Bharatiya Janata Party,National Democratic Alliance,Abhijit Das,337300,22.03,|710930,|46.45
Metiaburuz,Diamond Harbour,256315,81.04%,Trinamool Congress,Indian National Developmental Inclusive Alliance,Abhishek Banerjee,1048230,68.48,Bharatiya Janata Party,National Democratic Alliance,Abhijit Das,337300,22.03,|710930,|46.45
Kolkata Port,Kolkata Dakshin,235933,66.95%,Trinamool Congress,Indian National Developmental Inclusive Alliance,Mala Roy,615274,49.48,Bharatiya Janata Party,National Democratic Alliance,Debasree Chaudhuri,428043,34.42,|187231,|15.06
Bhabanipur,Kolkata Dakshin,206389,66.95%,Trinamool Congress,Indian National Developmental Inclusive Alliance,Mala Roy,615274,49.48,Bharatiya Janata Party,National Democratic Alliance,Debasree Chaudhuri,428043,34.42,|187231,|15.06
Rashbehari,Kolkata Dakshin,206013,66.95%,Trinamool Congress,Indian National Developmental Inclusive Alliance,Mala Roy,615274,49.48,Bharatiya Janata Party,National Democratic Alliance,Debasree Chaudhuri,428043,34.42,|187231,|15.06
Ballygunge,Kolkata Dakshin,247662,66.95%,Trinamool Congress,Indian National Developmental Inclusive Alliance,Mala Roy,615274,49.48,Bharatiya Janata Party,National Democratic Alliance,Debasree Chaudhuri,428043,34.42,|187231,|15.06
Chowranghee,Kolkata Uttar,208201,63.59%,Trinamool Congress,Indian National Developmental Inclusive Alliance,Sudip Bandyopadhyay,454696,47.44,Bharatiya Janata Party,National Democratic Alliance,Tapas Roy,362136,37.78,|92560,|9.62
Entally,Kolkata Uttar,230814,63.59%,Trinamool Congress,Indian National Developmental Inclusive Alliance,Sudip Bandyopadhyay,454696,47.44,Bharatiya Janata Party,National Democratic Alliance,Tapas Roy,362136,37.78,|92560,|9.62
Beleghata,Kolkata Uttar,250881,63.59%,Trinamool Congress,Indian National Developmental Inclusive Alliance,Sudip Bandyopadhyay,454696,47.44,Bharatiya Janata Party,National Democratic Alliance,Tapas Roy,362136,37.78,|92560,|9.62
Jorasanko,Kolkata Uttar,197950,63.59%,Trinamool Congress,Indian National Developmental Inclusive Alliance,Sudip Bandyopadhyay,454696,47.44,Bharatiya Janata Party,National Democratic Alliance,Tapas Roy,362136,37.78,|92560,|9.62
Shyampukur,Kolkata Uttar,176557,63.59%,Trinamool Congress,Indian National Developmental Inclusive Alliance,Sudip Bandyopadhyay,454696,47.44,Bharatiya Janata Party,National Democratic Alliance,Tapas Roy,362136,37.78,|92560,|9.62
Maniktola,Kolkata Uttar,211308,63.59%,Trinamool Congress,Indian National Developmental Inclusive Alliance,Sudip Bandyopadhyay,454696,47.44,Bharatiya Janata Party,National Democratic Alliance,Tapas Roy,362136,37.78,|92560,|9.62
Kashipur Belgachhia,Kolkata Uttar,223714,63.59%,Trinamool Congress,Indian National Developmental Inclusive Alliance,Sudip Bandyopadhyay,454696,47.44,Bharatiya Janata Party,National Democratic Alliance,Tapas Roy,362136,37.78,|92560,|9.62
Bally,Howrah,176197,71.73%,Trinamool Congress,Indian National Developmental Inclusive Alliance,Prasun Banerjee,626493,49.26,Bharatiya Janata Party,National Democratic Alliance,Rathin Chakraborty,457051,35.94,|169442,|13.32
Howrah Uttar,Howrah,218547,71.73%,Trinamool Congress,Indian National Developmental Inclusive Alliance,Prasun Banerjee,626493,49.26,Bharatiya Janata Party,National Democratic Alliance,Rathin Chakraborty,457051,35.94,|169442,|13.32
Howrah Madhya,Howrah,266542,71.73%,Trinamool Congress,Indian National Developmental Inclusive Alliance,Prasun Banerjee,626493,49.26,Bharatiya Janata Party,National Democratic Alliance,Rathin Chakraborty,457051,35.94,|169442,|13.32
Shibpur,Howrah,233676,71.73%,Trinamool Congress,Indian National Developmental Inclusive Alliance,Prasun Banerjee,626493,49.26,Bharatiya Janata Party,National Democratic Alliance,Rathin Chakraborty,457051,35.94,|169442,|13.32
Howrah Dakshin,Howrah,294243,71.73%,Trinamool Congress,Indian National Developmental Inclusive Alliance,Prasun Banerjee,626493,49.26,Bharatiya Janata Party,National Democratic Alliance,Rathin Chakraborty,457051,35.94,|169442,|13.32
Sankrail,Howrah,277076,71.73%,Trinamool Congress,Indian National Developmental Inclusive Alliance,Prasun Banerjee,626493,49.26,Bharatiya Janata Party,National Democratic Alliance,Rathin Chakraborty,457051,35.94,|169442,|13.32
Panchla,Howrah,266183,71.73%,Trinamool Congress,Indian National Developmental Inclusive Alliance,Prasun Banerjee,626493,49.26,Bharatiya Janata Party,National Democratic Alliance,Rathin Chakraborty,457051,35.94,|169442,|13.32
Uluberia Purba,Uluberia,233764,79.78%,Trinamool Congress,Indian National Developmental Inclusive Alliance,Sajda Ahmed,724622,52.1,Bharatiya Janata Party,National Democratic Alliance,Arun Uday Pal Chowdhury,505949,36.38,|218673,|15.72
Uluberia Uttar,Uluberia,185834,79.78%,Trinamool Congress,Indian National Developmental Inclusive Alliance,Sajda Ahmed,724622,52.1,Bharatiya Janata Party,National Democratic Alliance,Arun Uday Pal Chowdhury,505949,36.38,|218673,|15.72
Uluberia Dakshin,Uluberia,237620,79.78%,Trinamool Congress,Indian National Developmental Inclusive Alliance,Sajda Ahmed,724622,52.1,Bharatiya Janata Party,National Democratic Alliance,Arun Uday Pal Chowdhury,505949,36.38,|218673,|15.72
Shyampur,Uluberia,257593,79.78%,Trinamool Congress,Indian National Developmental Inclusive Alliance,Sajda Ahmed,724622,52.1,Bharatiya Janata Party,National Democratic Alliance,Arun Uday Pal Chowdhury,505949,36.38,|218673,|15.72
Bagnan,Uluberia,232216,79.78%,Trinamool Congress,Indian National Developmental Inclusive Alliance,Sajda Ahmed,724622,52.1,Bharatiya Janata Party,National Democratic Alliance,Arun Uday Pal Chowdhury,505949,36.38,|218673,|15.72
Amta,Uluberia,261181,79.78%,Trinamool Congress,Indian National Developmental Inclusive Alliance,Sajda Ahmed,724622,52.1,Bharatiya Janata Party,National Democratic Alliance,Arun Uday Pal Chowdhury,505949,36.38,|218673,|15.72
Udaynarayanpur,Uluberia,235467,79.78%,Trinamool Congress,Indian National Developmental Inclusive Alliance,Sajda Ahmed,724622,52.1,Bharatiya Janata Party,National Democratic Alliance,Arun Uday Pal Chowdhury,505949,36.38,|218673,|15.72
Jagatballavpur,Sreerampur,288158,76.44%,Trinamool Congress,Indian National Developmental Inclusive Alliance,Kalyan Banerjee,673970,45.65,Bharatiya Janata Party,National Democratic Alliance,Kabir Shankar Bose,499140,33.8,|174830,|11.85
Domjur,Sreerampur,299250,76.44%,Trinamool Congress,Indian National Developmental Inclusive Alliance,Kalyan Banerjee,673970,45.65,Bharatiya Janata Party,National Democratic Alliance,Kabir Shankar Bose,499140,33.8,|174830,|11.85
Uttarpara,Sreerampur,259814,76.44%,Trinamool Congress,Indian National Developmental Inclusive Alliance,Kalyan Banerjee,673970,45.65,Bharatiya Janata Party,National Democratic Alliance,Kabir Shankar Bose,499140,33.8,|174830,|11.85
Sreerampur,Sreerampur,252758,76.44%,Trinamool Congress,Indian National Developmental Inclusive Alliance,Kalyan Banerjee,673970,45.65,Bharatiya Janata Party,National Democratic Alliance,Kabir Shankar Bose,499140,33.8,|174830,|11.85
Champdani,Sreerampur,263372,76.44%,Trinamool Congress,Indian National Developmental Inclusive Alliance,Kalyan Banerjee,673970,45.65,Bharatiya Janata Party,National Democratic Alliance,Kabir Shankar Bose,499140,33.8,|174830,|11.85
Singur,Hooghly,246867,81.38%,Trinamool Congress,Indian National Developmental Inclusive Alliance,Rachana Banerjee,702744,46.31,Bharatiya Janata Party,National Democratic Alliance,Locket Chatterjee,625891,41.24,|76853,|5.07
Chandannagar,Hooghly,229572,81.38%,Trinamool Congress,Indian National Developmental Inclusive Alliance,Rachana Banerjee,702744,46.31,Bharatiya Janata Party,National Democratic Alliance,Locket Chatterjee,625891,41.24,|76853,|5.07
Chunchura,Hooghly,314274,81.38%,Trinamool Congress,Indian National Developmental Inclusive Alliance,Rachana Banerjee,702744,46.31,Bharatiya Janata Party,National Democratic Alliance,Locket Chatterjee,625891,41.24,|76853,|5.07
Balagarh,Hooghly,258955,81.38%,Trinamool Congress,Indian National Developmental Inclusive Alliance,Rachana Banerjee,702744,46.31,Bharatiya Janata Party,National Democratic Alliance,Locket Chatterjee,625891,41.24,|76853,|5.07
Pandua,Hooghly,270503,81.38%,Trinamool Congress,Indian National Developmental Inclusive Alliance,Rachana Banerjee,702744,46.31,Bharatiya Janata Party,National Democratic Alliance,Locket Chatterjee,625891,41.24,|76853,|5.07
Saptagram,Hooghly,238840,81.38%,Trinamool Congress,Indian National Developmental Inclusive Alliance,Rachana Banerjee,702744,46.31,Bharatiya Janata Party,National Democratic Alliance,Locket Chatterjee,625891,41.24,|76853,|5.07
Chanditala,Sreerampur,263257,76.44%,Trinamool Congress,Indian National Developmental Inclusive Alliance,Kalyan Banerjee,673970,45.65,Bharatiya Janata Party,National Democratic Alliance,Kabir Shankar Bose,499140,33.8,|174830,|11.85
Jangipara,Sreerampur,257025,76.44%,Trinamool Congress,Indian National Developmental Inclusive Alliance,Kalyan Banerjee,673970,45.65,Bharatiya Janata Party,National Democratic Alliance,Kabir Shankar Bose,499140,33.8,|174830,|11.85
Haripal,Arambagh,269649,82.62%,Trinamool Congress,Indian National Developmental Inclusive Alliance,Mitali Bag,712587,45.71,Bharatiya Janata Party,National Democratic Alliance,Arup Kanti Digar,706188,45.3,|6399,|0.41
Dhanekhali,Hooghly,275518,81.38%,Trinamool Congress,Indian National Developmental Inclusive Alliance,Rachana Banerjee,702744,46.31,Bharatiya Janata Party,National Democratic Alliance,Locket Chatterjee,625891,41.24,|76853,|5.07
Tarakeswar,Arambagh,239820,82.62%,Trinamool Congress,Indian National Developmental Inclusive Alliance,Mitali Bag,712587,45.71,Bharatiya Janata Party,National Democratic Alliance,Arup Kanti Digar,706188,45.3,|6399,|0.41
Pursurah,Arambagh,259998,82.62%,Trinamool Congress,Indian National Developmental Inclusive Alliance,Mitali Bag,712587,45.71,Bharatiya Janata Party,National Democratic Alliance,Arup Kanti Digar,706188,45.3,|6399,|0.41
Arambag,Arambagh,257621,82.62%,Trinamool Congress,Indian National Developmental Inclusive Alliance,Mitali Bag,712587,45.71,Bharatiya Janata Party,National Democratic Alliance,Arup Kanti Digar,706188,45.3,|6399,|0.41
Goghat,Arambagh,246570,82.62%,Trinamool Congress,Indian National Developmental Inclusive Alliance,Mitali Bag,712587,45.71,Bharatiya Janata Party,National Democratic Alliance,Arup Kanti Digar,706188,45.3,|6399,|0.41
Khanakul,Arambagh,277259,82.62%,Trinamool Congress,Indian National Developmental Inclusive Alliance,Mitali Bag,712587,45.71,Bharatiya Janata Party,National Democratic Alliance,Arup Kanti Digar,706188,45.3,|6399,|0.41
Tamluk,Tamluk,266881,84.79%,Bharatiya Janata Party,National Democratic Alliance,Abhijit Gangopadhyay,765584,48.54,Trinamool Congress,Indian National Developmental Inclusive Alliance,Debangshu Bhattacharya,687851,43.61,|77733,|4.93
Panskura Purba,Tamluk,236306,84.79%,Bharatiya Janata Party,National Democratic Alliance,Abhijit Gangopadhyay,765584,48.54,Trinamool Congress,Indian National Developmental Inclusive Alliance,Debangshu Bhattacharya,687851,43.61,|77733,|4.93
Panskura Paschim,Ghatal,274092,82.17%,Trinamool Congress,Indian National Developmental Inclusive Alliance,Deepak Adhikari,837990,52.36,Bharatiya Janata Party,National Democratic Alliance,Hiran Chatterjee,655122,40.93,|182868,|11.43
Moyna,Tamluk,255164,84.79%,Bharatiya Janata Party,National Democratic Alliance,Abhijit Gangopadhyay,765584,48.54,Trinamool Congress,Indian National Developmental Inclusive Alliance,Debangshu Bhattacharya,687851,43.61,|77733,|4.93
Nandakumar,Tamluk,253829,84.79%,Bharatiya Janata Party,National Democratic Alliance,Abhijit Gangopadhyay,765584,48.54,Trinamool Congress,Indian National Developmental Inclusive Alliance,Debangshu Bhattacharya,687851,43.61,|77733,|4.93
Mahisadal,Tamluk,245266,84.79%,Bharatiya Janata Party,National Democratic Alliance,Abhijit Gangopadhyay,765584,48.54,Trinamool Congress,Indian National Developmental Inclusive Alliance,Debangshu Bhattacharya,687851,43.61,|77733,|4.93
Haldia,Tamluk,251051,84.79%,Bharatiya Janata Party,National Democratic Alliance,Abhijit Gangopadhyay,765584,48.54,Trinamool Congress,Indian National Developmental Inclusive Alliance,Debangshu Bhattacharya,687851,43.61,|77733,|4.93
Nandigram,Tamluk,257992,84.79%,Bharatiya Janata Party,National Democratic Alliance,Abhijit Gangopadhyay,765584,48.54,Trinamool Congress,Indian National Developmental Inclusive Alliance,Debangshu Bhattacharya,687851,43.61,|77733,|4.93
Chandipur,Kanthi,245775,84.77%,Bharatiya Janata Party,National Democratic Alliance,Soumendu Adhikari,763195,49.85,Trinamool Congress,Indian National Developmental Inclusive Alliance,Uttam Barik,715431,46.73,|47764,|3.12
Patashpur,Kanthi,236413,84.77%,Bharatiya Janata Party,National Democratic Alliance,Soumendu Adhikari,763195,49.85,Trinamool Congress,Indian National Developmental Inclusive Alliance,Uttam Barik,715431,46.73,|47764,|3.12
Kanthi Uttar,Kanthi,257427,84.77%,Bharatiya Janata Party,National Democratic Alliance,Soumendu Adhikari,763195,49.85,Trinamool Congress,Indian National Developmental Inclusive Alliance,Uttam Barik,715431,46.73,|47764,|3.12
Bhagabanpur,Kanthi,254184,84.77%,Bharatiya Janata Party,National Democratic Alliance,Soumendu Adhikari,763195,49.85,Trinamool Congress,Indian National Developmental Inclusive Alliance,Uttam Barik,715431,46.73,|47764,|3.12
Khejuri,Kanthi,238630,84.77%,Bharatiya Janata Party,National Democratic Alliance,Soumendu Adhikari,763195,49.85,Trinamool Congress,Indian National Developmental Inclusive Alliance,Uttam Barik,715431,46.73,|47764,|3.12
Kanthi Dakshin,Kanthi,224657,84.77%,Bharatiya Janata Party,National Democratic Alliance,Soumendu Adhikari,763195,49.85,Trinamool Congress,Indian National Developmental Inclusive Alliance,Uttam Barik,715431,46.73,|47764,|3.12
Ramnagar (Purba Medinipur),Kanthi,264900,84.77%,Bharatiya Janata Party,National Democratic Alliance,Soumendu Adhikari,763195,49.85,Trinamool Congress,Indian National Developmental Inclusive Alliance,Uttam Barik,715431,46.73,|47764,|3.12
Egra,Medinipur,284614,81.56%,Trinamool Congress,Indian National Developmental Inclusive Alliance,June Malia,702192,47.4,Bharatiya Janata Party,National Democratic Alliance,Agnimitra Paul,675001,45.56,|27191,|1.84
Dantan,Medinipur,233841,81.56%,Trinamool Congress,Indian National Developmental Inclusive Alliance,June Malia,702192,47.4,Bharatiya Janata Party,National Democratic Alliance,Agnimitra Paul,675001,45.56,|27191,|1.84
Nayagram,Jhargram,226791,83.47%,Trinamool Congress,Indian National Developmental Inclusive Alliance,Kalipada Soren,743478,49.87,Bharatiya Janata Party,National Democratic Alliance,Pranat Tudu,569430,38.2,|174048,|11.67
Gopiballavpur,Jhargram,226417,83.47%,Trinamool Congress,Indian National Developmental Inclusive Alliance,Kalipada Soren,743478,49.87,Bharatiya Janata Party,National Democratic Alliance,Pranat Tudu,569430,38.2,|174048,|11.67
Jhargram,Jhargram,236035,83.47%,Trinamool Congress,Indian National Developmental Inclusive Alliance,Kalipada Soren,743478,49.87,Bharatiya Janata Party,National Democratic Alliance,Pranat Tudu,569430,38.2,|174048,|11.67
Keshiary,Medinipur,238835,81.56%,Trinamool Congress,Indian National Developmental Inclusive Alliance,June Malia,702192,47.4,Bharatiya Janata Party,National Democratic Alliance,Agnimitra Paul,675001,45.56,|27191,|1.84
Kharagpur Sadar,Medinipur,234672,81.56%,Trinamool Congress,Indian National Developmental Inclusive Alliance,June Malia,702192,47.4,Bharatiya Janata Party,National Democratic Alliance,Agnimitra Paul,675001,45.56,|27191,|1.84
Narayangarh,Medinipur,243832,81.56%,Trinamool Congress,Indian National Developmental Inclusive Alliance,June Malia,702192,47.4,Bharatiya Janata Party,National Democratic Alliance,Agnimitra Paul,675001,45.56,|27191,|1.84
Sabang,Ghatal,264783,82.17%,Trinamool Congress,Indian National Developmental Inclusive Alliance,Deepak Adhikari,837990,52.36,Bharatiya Janata Party,National Democratic Alliance,Hiran Chatterjee,655122,40.93,|182868,|11.43
Pingla,Ghatal,255054,82.17%,Trinamool Congress,Indian National Developmental Inclusive Alliance,Deepak Adhikari,837990,52.36,Bharatiya Janata Party,National Democratic Alliance,Hiran Chatterjee,655122,40.93,|182868,|11.43
Kharagpur,Medinipur,227081,81.56%,Trinamool Congress,Indian National Developmental Inclusive Alliance,June Malia,702192,47.4,Bharatiya Janata Party,National Democratic Alliance,Agnimitra Paul,675001,45.56,|27191,|1.84
Debra,Ghatal,234184,82.17%,Trinamool Congress,Indian National Developmental Inclusive Alliance,Deepak Adhikari,837990,52.36,Bharatiya Janata Party,National Democratic Alliance,Hiran Chatterjee,655122,40.93,|182868,|11.43
Daspur,Ghatal,298096,82.17%,Trinamool Congress,Indian National Developmental Inclusive Alliance,Deepak Adhikari,837990,52.36,Bharatiya Janata Party,National Democratic Alliance,Hiran Chatterjee,655122,40.93,|182868,|11.43
Ghatal,Ghatal,279908,82.17%,Trinamool Congress,Indian National Developmental Inclusive Alliance,Deepak Adhikari,837990,52.36,Bharatiya Janata Party,National Democratic Alliance,Hiran Chatterjee,655122,40.93,|182868,|11.43
Chandrakona,Arambagh,279867,82.62%,Trinamool Congress,Indian National Developmental Inclusive Alliance,Mitali Bag,712587,45.71,Bharatiya Janata Party,National Democratic Alliance,Arup Kanti Digar,706188,45.3,|6399,|0.41
Garbeta,Jhargram,232046,83.47%,Trinamool Congress,Indian National Developmental Inclusive Alliance,Kalipada Soren,743478,49.87,Bharatiya Janata Party,National Democratic Alliance,Pranat Tudu,569430,38.2,|174048,|11.67
Salboni,Jhargram,276940,83.47%,Trinamool Congress,Indian National Developmental Inclusive Alliance,Kalipada Soren,743478,49.87,Bharatiya Janata Party,National Democratic Alliance,Pranat Tudu,569430,38.2,|174048,|11.67
Keshpur,Ghatal,261529,82.17%,Trinamool Congress,Indian National Developmental Inclusive Alliance,Deepak Adhikari,837990,52.36,Bharatiya Janata Party,National Democratic Alliance,Hiran Chatterjee,655122,40.93,|182868,|11.43
Medinipur,Medinipur,230061,81.56%,Trinamool Congress,Indian National Developmental Inclusive Alliance,June Malia,702192,47.4,Bharatiya Janata Party,National Democratic Alliance,Agnimitra Paul,675001,45.56,|27191,|1.84
Binpur,Jhargram,224036,83.47%,Trinamool Congress,Indian National Developmental Inclusive Alliance,Kalipada Soren,743478,49.87,Bharatiya Janata Party,National Democratic Alliance,Pranat Tudu,569430,38.2,|174048,|11.67
Bandwan,Jhargram,284840,83.47%,Trinamool Congress,Indian National Developmental Inclusive Alliance,Kalipada Soren,743478,49.87,Bharatiya Janata Party,National Democratic Alliance,Pranat Tudu,569430,38.2,|174048,|11.67
Balarampur (Purulia),Purulia,238113,78.39%,Bharatiya Janata Party,National Democratic Alliance,Jyotirmay Singh Mahato,578489,40.34,Trinamool Congress,Indian National Developmental Inclusive Alliance,Shantiram Mahato,561410,39.15,|17079,|1.19
Baghmundi,Purulia,249613,78.39%,Bharatiya Janata Party,National Democratic Alliance,Jyotirmay Singh Mahato,578489,40.34,Trinamool Congress,Indian National Developmental Inclusive Alliance,Shantiram Mahato,561410,39.15,|17079,|1.19
Joypur (Purulia),Purulia,249621,78.39%,Bharatiya Janata Party,National Democratic Alliance,Jyotirmay Singh Mahato,578489,40.34,Trinamool Congress,Indian National Developmental Inclusive Alliance,Shantiram Mahato,561410,39.15,|17079,|1.19
Purulia,Purulia,258947,78.39%,Bharatiya Janata Party,National Democratic Alliance,Jyotirmay Singh Mahato,578489,40.34,Trinamool Congress,Indian National Developmental Inclusive Alliance,Shantiram Mahato,561410,39.15,|17079,|1.19
Manbazar,Purulia,253708,78.39%,Bharatiya Janata Party,National Democratic Alliance,Jyotirmay Singh Mahato,578489,40.34,Trinamool Congress,Indian National Developmental Inclusive Alliance,Shantiram Mahato,561410,39.15,|17079,|1.19
Kashipur,Purulia,238871,78.39%,Bharatiya Janata Party,National Democratic Alliance,Jyotirmay Singh Mahato,578489,40.34,Trinamool Congress,Indian National Developmental Inclusive Alliance,Shantiram Mahato,561410,39.15,|17079,|1.19
Para,Purulia,243906,78.39%,Bharatiya Janata Party,National Democratic Alliance,Jyotirmay Singh Mahato,578489,40.34,Trinamool Congress,Indian National Developmental Inclusive Alliance,Shantiram Mahato,561410,39.15,|17079,|1.19
Raghunathpur (Purulia),Bankura,259434,80.75%,Trinamool Congress,Indian National Developmental Inclusive Alliance,Arup Chakraborty,641813,44.33,Bharatiya Janata Party,National Democratic Alliance,Subhas Sarkar,609035,42.07,|32778,|2.26
Saltora,Bankura,232517,80.75%,Trinamool Congress,Indian National Developmental Inclusive Alliance,Arup Chakraborty,641813,44.33,Bharatiya Janata Party,National Democratic Alliance,Subhas Sarkar,609035,42.07,|32778,|2.26
Chhatna,Bankura,242770,80.75%,Trinamool Congress,Indian National Developmental Inclusive Alliance,Arup Chakraborty,641813,44.33,Bharatiya Janata Party,National Democratic Alliance,Subhas Sarkar,609035,42.07,|32778,|2.26
Ranibandh,Bankura,255359,80.75%,Trinamool Congress,Indian National Developmental Inclusive Alliance,Arup Chakraborty,641813,44.33,Bharatiya Janata Party,National Democratic Alliance,Subhas Sarkar,609035,42.07,|32778,|2.26
Raipur (Bankura),Bankura,224604,80.75%,Trinamool Congress,Indian National Developmental Inclusive Alliance,Arup Chakraborty,641813,44.33,Bharatiya Janata Party,National Democratic Alliance,Subhas Sarkar,609035,42.07,|32778,|2.26
Taldangra,Bankura,233291,80.75%,Trinamool Congress,Indian National Developmental Inclusive Alliance,Arup Chakraborty,641813,44.33,Bharatiya Janata Party,National Democratic Alliance,Subhas Sarkar,609035,42.07,|32778,|2.26
Bankura,Bankura,269289,80.75%,Trinamool Congress,Indian National Developmental Inclusive Alliance,Arup Chakraborty,641813,44.33,Bharatiya Janata Party,National Democratic Alliance,Subhas Sarkar,609035,42.07,|32778,|2.26
Barjora,Bishnupur,250279,85.91%,Bharatiya Janata Party,National Democratic Alliance,Saumitra Khan,680130,44.93,Trinamool Congress,Indian National Developmental Inclusive Alliance,Sujata Mondal,674563,44.56,|5567,|0.37
Onda,Bishnupur,256906,85.91%,Bharatiya Janata Party,National Democratic Alliance,Saumitra Khan,680130,44.93,Trinamool Congress,Indian National Developmental Inclusive Alliance,Sujata Mondal,674563,44.56,|5567,|0.37
Bishnupur (Bankura),Bishnupur,219824,85.91%,Bharatiya Janata Party,National Democratic Alliance,Saumitra Khan,680130,44.93,Trinamool Congress,Indian National Developmental Inclusive Alliance,Sujata Mondal,674563,44.56,|5567,|0.37
Katulpur,Bishnupur,246785,85.91%,Bharatiya Janata Party,National Democratic Alliance,Saumitra Khan,680130,44.93,Trinamool Congress,Indian National Developmental Inclusive Alliance,Sujata Mondal,674563,44.56,|5567,|0.37
Indas,Bishnupur,242938,85.91%,Bharatiya Janata Party,National Democratic Alliance,Saumitra Khan,680130,44.93,Trinamool Congress,Indian National Developmental Inclusive Alliance,Sujata Mondal,674563,44.56,|5567,|0.37
Sonamukhi,Bishnupur,233059,85.91%,Bharatiya Janata Party,National Democratic Alliance,Saumitra Khan,680130,44.93,Trinamool Congress,Indian National Developmental Inclusive Alliance,Sujata Mondal,674563,44.56,|5567,|0.37
Khandaghosh,Bishnupur,242730,85.91%,Bharatiya Janata Party,National Democratic Alliance,Saumitra Khan,680130,44.93,Trinamool Congress,Indian National Developmental Inclusive Alliance,Sujata Mondal,674563,44.56,|5567,|0.37
Burdwan Dakshin,Bardhaman–Durgapur,257940,80.72%,Trinamool Congress,Indian National Developmental Inclusive Alliance,Kirti Azad,720667,47.99,Bharatiya Janata Party,National Democratic Alliance,Dilip Ghosh,582686,38.8,|137981,|9.19
Raina,Bardhaman Purba,258742,82.85%,Trinamool Congress,Indian National Developmental Inclusive Alliance,Sharmila Sarkar,730302,48.11,Bharatiya Janata Party,National Democratic Alliance,Ashim Kumar Sarkar,559730,37.38,|160572,|10.72
Jamalpur,Bardhaman Purba,235793,82.85%,Trinamool Congress,Indian National Developmental Inclusive Alliance,Sharmila Sarkar,730302,48.11,Bharatiya Janata Party,National Democratic Alliance,Ashim Kumar Sarkar,559730,37.38,|160572,|10.72
Manteswar,Bardhaman–Durgapur,242229,80.72%,Trinamool Congress,Indian National Developmental Inclusive Alliance,Kirti Azad,720667,47.99,Bharatiya Janata Party,National Democratic Alliance,Dilip Ghosh,582686,38.8,|137981,|9.19
Kalna,Bardhaman Purba,241741,82.85%,Trinamool Congress,Indian National Developmental Inclusive Alliance,Sharmila Sarkar,730302,48.11,Bharatiya Janata Party,National Democratic Alliance,Ashim Kumar Sarkar,559730,37.38,|160572,|10.72
Memari,Bardhaman Purba,254236,82.85%,Trinamool Congress,Indian National Developmental Inclusive Alliance,Sharmila Sarkar,730302,48.11,Bharatiya Janata Party,National Democratic Alliance,Ashim Kumar Sarkar,559730,37.38,|160572,|10.72
Burdwan Uttar,Bardhaman–Durgapur,277026,80.72%,Trinamool Congress,Indian National Developmental Inclusive Alliance,Kirti Azad,720667,47.99,Bharatiya Janata Party,National Democratic Alliance,Dilip Ghosh,582686,38.8,|137981,|9.19
Bhatar,Bardhaman–Durgapur,246694,80.72%,Trinamool Congress,Indian National Developmental Inclusive Alliance,Kirti Azad,720667,47.99,Bharatiya Janata Party,National Democratic Alliance,Dilip Ghosh,582686,38.8,|137981,|9.19
Purbasthali Dakshin,Bardhaman Purba,248533,82.85%,Trinamool Congress,Indian National Developmental Inclusive Alliance,Sharmila Sarkar,730302,48.11,Bharatiya Janata Party,National Democratic Alliance,Ashim Kumar Sarkar,559730,37.38,|160572,|10.72
Purbasthali Uttar,Bardhaman Purba,252626,82.85%,Trinamool Congress,Indian National Developmental Inclusive Alliance,Sharmila Sarkar,730302,48.11,Bharatiya Janata Party,National Democratic Alliance,Ashim Kumar Sarkar,559730,37.38,|160572,|10.72
Katwa,Bardhaman Purba,267738,82.85%,Trinamool Congress,Indian National Developmental Inclusive Alliance,Sharmila Sarkar,730302,48.11,Bharatiya Janata Party,National Democratic Alliance,Ashim Kumar Sarkar,559730,37.38,|160572,|10.72
Ketugram,Bolpur,258310,82.66%,Trinamool Congress,Indian National Developmental Inclusive Alliance,Asit Kumar Mal,855633,55.98,Bharatiya Janata Party,National Democratic Alliance,Piya Saha,528380,34.57,|327253,|21.41
Mangalkot,Bolpur,251003,82.66%,Trinamool Congress,Indian National Developmental Inclusive Alliance,Asit Kumar Mal,855633,55.98,Bharatiya Janata Party,National Democratic Alliance,Piya Saha,528380,34.57,|327253,|21.41
Ausgram,Bolpur,246956,82.66%,Trinamool Congress,Indian National Developmental Inclusive Alliance,Asit Kumar Mal,855633,55.98,Bharatiya Janata Party,National Democratic Alliance,Piya Saha,528380,34.57,|327253,|21.41
Galsi,Bardhaman–Durgapur,256642,80.72%,Trinamool Congress,Indian National Developmental Inclusive Alliance,Kirti Azad,720667,47.99,Bharatiya Janata Party,National Democratic Alliance,Dilip Ghosh,582686,38.8,|137981,|9.19
Pandaveswar,Asansol,211960,73.27%,Trinamool Congress,Indian National Developmental Inclusive Alliance,Shatrughan Sinha,605645,46.53,Bharatiya Janata Party,National Democratic Alliance,S. S. Ahluwalia,546081,41.96,|59564,|4.78
Durgapur Purba,Bardhaman–Durgapur,256531,80.72%,Trinamool Congress,Indian National Developmental Inclusive Alliance,Kirti Azad,720667,47.99,Bharatiya Janata Party,National Democratic Alliance,Dilip Ghosh,582686,38.8,|137981,|9.19
Durgapur Paschim,Bardhaman–Durgapur,269303,80.72%,Trinamool Congress,Indian National Developmental Inclusive Alliance,Kirti Azad,720667,47.99,Bharatiya Janata Party,National Democratic Alliance,Dilip Ghosh,582686,38.8,|137981,|9.19
Raniganj,Asansol,250813,73.27%,Trinamool Congress,Indian National Developmental Inclusive Alliance,Shatrughan Sinha,605645,46.53,Bharatiya Janata Party,National Democratic Alliance,S. S. Ahluwalia,546081,41.96,|59564,|4.78
Jamuria,Asansol,221419,73.27%,Trinamool Congress,Indian National Developmental Inclusive Alliance,Shatrughan Sinha,605645,46.53,Bharatiya Janata Party,National Democratic Alliance,S. S. Ahluwalia,546081,41.96,|59564,|4.78
Asansol Dakshin,Asansol,274245,73.27%,Trinamool Congress,Indian National Developmental Inclusive Alliance,Shatrughan Sinha,605645,46.53,Bharatiya Janata Party,National Democratic Alliance,S. S. Ahluwalia,546081,41.96,|59564,|4.78
Asansol Uttar,Asansol,275796,73.27%,Trinamool Congress,Indian National Developmental Inclusive Alliance,Shatrughan Sinha,605645,46.53,Bharatiya Janata Party,National Democratic Alliance,S. S. Ahluwalia,546081,41.96,|59564,|4.78
Kulti,Asansol,251671,73.27%,Trinamool Congress,Indian National Developmental Inclusive Alliance,Shatrughan Sinha,605645,46.53,Bharatiya Janata Party,National Democratic Alliance,S. S. Ahluwalia,546081,41.96,|59564,|4.78
Barabani,Asansol,225396,73.27%,Trinamool Congress,Indian National Developmental Inclusive Alliance,Shatrughan Sinha,605645,46.53,Bharatiya Janata Party,National Democratic Alliance,S. S. Ahluwalia,546081,41.96,|59564,|4.78
Dubrajpur,Birbhum,241742,81.91%,Trinamool Congress,Indian National Developmental Inclusive Alliance,Satabdi Roy,717961,47.0,Bharatiya Janata Party,National Democratic Alliance,Debtanu Bhattacharya,520311,34.06,|197650,|12.94
Suri,Birbhum,263557,81.91%,Trinamool Congress,Indian National Developmental Inclusive Alliance,Satabdi Roy,717961,47.0,Bharatiya Janata Party,National Democratic Alliance,Debtanu Bhattacharya,520311,34.06,|197650,|12.94
Bolpur,Bolpur,273896,82.66%,Trinamool Congress,Indian National Developmental Inclusive Alliance,Asit Kumar Mal,855633,55.98,Bharatiya Janata Party,National Democratic Alliance,Piya Saha,528380,34.57,|327253,|21.41
Nanoor,Bolpur,276777,82.66%,Trinamool Congress,Indian National Developmental Inclusive Alliance,Asit Kumar Mal,855633,55.98,Bharatiya Janata Party,National Democratic Alliance,Piya Saha,528380,34.57,|327253,|21.41
Labhpur,Bolpur,240044,82.66%,Trinamool Congress,Indian National Developmental Inclusive Alliance,Asit Kumar Mal,855633,55.98,Bharatiya Janata Party,National Democratic Alliance,Piya Saha,528380,34.57,|327253,|21.41
Sainthia,Birbhum,255959,81.91%,Trinamool Congress,Indian National Developmental Inclusive Alliance,Satabdi Roy,717961,47.0,Bharatiya Janata Party,National Democratic Alliance,Debtanu Bhattacharya,520311,34.06,|197650,|12.94
Mayureswar,Bolpur,230682,82.66%,Trinamool Congress,Indian National Developmental Inclusive Alliance,Asit Kumar Mal,855633,55.98,Bharatiya Janata Party,National Democratic Alliance,Piya Saha,528380,34.57,|327253,|21.41
Rampurhat,Birbhum,260812,81.91%,Trinamool Congress,Indian National Developmental Inclusive Alliance,Satabdi Roy,717961,47.0,Bharatiya Janata Party,National Democratic Alliance,Debtanu Bhattacharya,520311,34.06,|197650,|12.94
Hansan,Birbhum,248113,81.91%,Trinamool Congress,Indian National Developmental Inclusive Alliance,Satabdi Roy,717961,47.0,Bharatiya Janata Party,National Democratic Alliance,Debtanu Bhattacharya,520311,34.06,|197650,|12.94
Nalhati,Birbhum,244837,81.91%,Trinamool Congress,Indian National Developmental Inclusive Alliance,Satabdi Roy,717961,47.0,Bharatiya Janata Party,National Democratic Alliance,Debtanu Bhattacharya,520311,34.06,|197650,|12.94
Murarai,Birbhum,263200,81.91%,Trinamool Congress,Indian National Developmental Inclusive Alliance,Satabdi Roy,717961,47.0,Bharatiya Janata Party,National Democratic Alliance,Debtanu Bhattacharya,520311,34.06,|197650,|12.94
